TICKER,DATE,OPEN,HIGH,LOW,CLOSE,VOL,WAPRICE
MICEXINDEXCF,2011-11-18,1475.31,1475.31,1442.81,1460.56,,
MICEXINDEXCF,2011-11-21,1460.54,1460.54,1389.13,1390.56,,
MICEXINDEXCF,2011-11-22,1390.55,1419.99,1390.1,1401.91,,
MICEXINDEXCF,2011-11-23,1401.91,1420.79,1379.5,1404.26,,
MICEXINDEXCF,2011-11-24,1404.25,1417.74,1391.7,1392.75,,
MICEXINDEXCF,2011-11-25,1392.65,1411.54,1363.26,1410.84,,
MICEXINDEXCF,2011-11-28,1411.03,1469.36,1411.03,1466.22,,
MICEXINDEXCF,2011-11-29,1466.22,1480.92,1448.86,1454.67,,
MICEXINDEXCF,2011-11-30,1454.66,1502.82,1447.73,1499.62,,
MICEXINDEXCF,2011-12-01,1499.62,1522.76,1498.25,1505.27,,
MICEXINDEXCF,2011-12-02,1505.35,1523.86,1495.76,1505.77,,
MICEXINDEXCF,2011-12-05,1505.77,1521.3,1499.36,1517.89,,
MICEXINDEXCF,2011-12-06,1517.45,1517.45,1456.01,1457.9,,
MICEXINDEXCF,2011-12-07,1458.09,1471.92,1437.1,1448.39,,
MICEXINDEXCF,2011-12-08,1448.69,1482.34,1448.69,1456.36,,
MICEXINDEXCF,2011-12-09,1456.26,1456.26,1390.74,1396.28,,
MICEXINDEXCF,2011-12-12,1396.28,1427.29,1344.82,1349.96,,
MICEXINDEXCF,2011-12-13,1349.96,1379.33,1323.2,1378.56,,
MICEXINDEXCF,2011-12-14,1377.82,1406.97,1360.37,1372.42,,
MICEXINDEXCF,2011-12-15,1371.94,1396.7,1350.88,1393.61,,
MICEXINDEXCF,2011-12-16,1393.88,1408.07,1375.03,1383.42,,
MICEXINDEXCF,2011-12-19,1383.42,1392.62,1358.65,1382.88,,
MICEXINDEXCF,2011-12-20,1382.87,1410.22,1367.4,1409.84,,
MICEXINDEXCF,2011-12-21,1385.17,1385.21,1384.63,1384.79,,
MICEXINDEXCF,2011-12-22,1385.17,1393.83,1372.25,1385.66,,
MICEXINDEXCF,2011-12-23,1385.68,1391.39,1373.42,1376.11,,
MICEXINDEXCF,2011-12-26,1376.11,1391.96,1374.64,1390.08,,
MICEXINDEXCF,2011-12-27,1390.08,1391.05,1375.96,1386.14,,
MICEXINDEXCF,2011-12-28,1386.14,1391.65,1379.53,1383.09,,
MICEXINDEXCF,2011-12-29,1383.09,1387.17,1360.99,1387.06,,
MICEXINDEXCF,2011-12-30,1387.05,1409.58,1382.76,1402.23,,
MICEXINDEXCF,2012-01-03,1402.25,1445.57,1401.21,1444.76,,
MICEXINDEXCF,2012-01-04,1444.76,1453.27,1437.62,1447.59,,
MICEXINDEXCF,2012-01-05,1447.59,1458.14,1432.88,1434.91,,
MICEXINDEXCF,2012-01-06,1434.9,1453.92,1431.97,1440.6,,
MICEXINDEXCF,2012-01-09,1440.6,1449.55,1432.01,1448.36,,
MICEXINDEXCF,2012-01-10,1448.36,1478.82,1444.02,1476.88,,
MICEXINDEXCF,2012-01-11,1476.86,1480.28,1458.72,1465.47,,
MICEXINDEXCF,2012-01-12,1465.46,1485.17,1457.78,1464.53,,
MICEXINDEXCF,2012-01-13,1464.52,1478.12,1458.74,1463.43,,
MICEXINDEXCF,2012-01-16,1463.44,1467.41,1445.94,1464.42,,
MICEXINDEXCF,2012-01-17,1464.7,1494.97,1464.62,1486.34,,
MICEXINDEXCF,2012-01-18,1486.36,1495.3,1475.56,1493.7,,
MICEXINDEXCF,2012-01-19,1493.66,1505.97,1490.29,1503.7,,
MICEXINDEXCF,2012-01-20,1503.71,1506.84,1486.16,1491.15,,
MICEXINDEXCF,2012-01-23,1491.05,1499.84,1477.02,1499.27,,
MICEXINDEXCF,2012-01-24,1499.29,1502.34,1480.62,1488.7,,
MICEXINDEXCF,2012-01-25,1488.7,1507.31,1488.7,1498.79,,
MICEXINDEXCF,2012-01-26,1498.8,1519.55,1498.8,1514.72,,
MICEXINDEXCF,2012-01-27,1514.72,1518.4,1503.37,1508.04,,
MICEXINDEXCF,2012-01-30,1508.04,1513.96,1492.03,1496.3,,
MICEXINDEXCF,2012-01-31,1496.24,1518.36,1495.8,1514.03,,
MICEXINDEXCF,2012-02-01,1514.02,1540.48,1504.13,1539.36,,
MICEXINDEXCF,2012-02-02,1539.36,1547.62,1532.4,1542.39,,
MICEXINDEXCF,2012-02-03,1542.44,1565.52,1536.3,1564.82,,
MICEXINDEXCF,2012-02-06,1564.82,1570.48,1557.83,1562.87,,
MICEXINDEXCF,2012-02-07,1562.87,1571.7,1546.34,1549.49,,
MICEXINDEXCF,2012-02-08,1549.47,1571.44,1548.86,1555.11,,
MICEXINDEXCF,2012-02-09,1555.09,1565.9,1532.6,1541.64,,
MICEXINDEXCF,2012-02-10,1541.7,1544.1,1521.78,1525.17,,
MICEXINDEXCF,2012-02-13,1525.21,1560.83,1524.56,1559.21,,
MICEXINDEXCF,2012-02-14,1559.21,1574.75,1553.69,1562.13,,
MICEXINDEXCF,2012-02-15,1562.13,1582.76,1555.93,1579.38,,
MICEXINDEXCF,2012-02-16,1579.4,1581.77,1554.41,1570.36,,
MICEXINDEXCF,2012-02-17,1570.36,1585.15,1559.82,1568.54,,
MICEXINDEXCF,2012-02-20,1568.54,1585.75,1567.29,1579.19,,
MICEXINDEXCF,2012-02-21,1579.19,1580.4,1555.58,1558.98,,
MICEXINDEXCF,2012-02-22,1558.91,1571.23,1536.05,1538.17,,
MICEXINDEXCF,2012-02-24,1538.17,1595.58,1534.93,1594.55,,
MICEXINDEXCF,2012-02-27,1594.5,1607.69,1585.44,1592.66,,
MICEXINDEXCF,2012-02-28,1592.67,1604.29,1570.24,1574.1,,
MICEXINDEXCF,2012-02-29,1574.1,1599.42,1574.1,1597.67,,
MICEXINDEXCF,2012-03-01,1597.67,1602.72,1577.98,1595.78,,
MICEXINDEXCF,2012-03-02,1595.78,1608.75,1587.82,1608.08,,
MICEXINDEXCF,2012-03-05,1608.08,1629.55,1608.08,1625.74,,
MICEXINDEXCF,2012-03-06,1625.72,1626.02,1561.19,1562.19,,
MICEXINDEXCF,2012-03-07,1562.19,1574.84,1551.07,1572.83,,
MICEXINDEXCF,2012-03-11,1572.74,1608.61,1569.74,1606.33,,
MICEXINDEXCF,2012-03-12,1606.37,1619.24,1592.53,1604.26,,
MICEXINDEXCF,2012-03-13,1604.26,1617.53,1602.21,1611.88,,
MICEXINDEXCF,2012-03-14,1611.88,1634.31,1611.46,1631.15,,
MICEXINDEXCF,2012-03-15,1631.15,1639.63,1618.32,1626.63,,
MICEXINDEXCF,2012-03-16,1626.63,1629.02,1608.69,1618.99,,
MICEXINDEXCF,2012-03-19,1618.99,1626.83,1579.14,1586.41,,
MICEXINDEXCF,2012-03-20,1586.41,1594.08,1556.22,1558.65,,
MICEXINDEXCF,2012-03-21,1558.65,1572.25,1542.09,1551.78,,
MICEXINDEXCF,2012-03-22,1551.76,1561.11,1525.6,1529.51,,
MICEXINDEXCF,2012-03-23,1529.51,1541.68,1518.24,1540.97,,
MICEXINDEXCF,2012-03-26,1540.39,1568.86,1539.52,1565.12,,
MICEXINDEXCF,2012-03-27,1565.12,1574.27,1549.27,1554.28,,
MICEXINDEXCF,2012-03-28,1554.38,1555.63,1518.4,1520.37,,
MICEXINDEXCF,2012-03-29,1520.37,1521.6,1486.93,1494.86,,
MICEXINDEXCF,2012-03-30,1494.86,1531.92,1493.87,1517.34,,
MICEXINDEXCF,2012-04-02,1517.33,1537.73,1508.3,1521.9,,
MICEXINDEXCF,2012-04-03,1521.9,1556.53,1521.74,1550.05,,
MICEXINDEXCF,2012-04-04,1550.04,1550.04,1506.63,1512.88,,
MICEXINDEXCF,2012-04-05,1512.88,1527.18,1495.48,1525.11,,
MICEXINDEXCF,2012-04-06,1525.1,1529.76,1494.64,1497.19,,
MICEXINDEXCF,2012-04-09,1497.19,1511.44,1477.46,1510.49,,
MICEXINDEXCF,2012-04-10,1510.51,1520.12,1497.64,1498.07,,
MICEXINDEXCF,2012-04-11,1498.08,1520.37,1485.83,1505.77,,
MICEXINDEXCF,2012-04-12,1505.77,1512.46,1488.8,1501.63,,
MICEXINDEXCF,2012-04-13,1501.63,1516.41,1496.89,1502.65,,
MICEXINDEXCF,2012-04-16,1502.67,1505.56,1475.48,1477.71,,
MICEXINDEXCF,2012-04-17,1477.75,1481.25,1463.02,1471.61,,
MICEXINDEXCF,2012-04-18,1471.61,1485.61,1465.47,1468.55,,
MICEXINDEXCF,2012-04-19,1468.55,1503.77,1467.21,1496.6,,
MICEXINDEXCF,2012-04-20,1496.6,1506.82,1485.13,1505.1,,
MICEXINDEXCF,2012-04-23,1505.1,1505.14,1462.75,1466.34,,
MICEXINDEXCF,2012-04-24,1466.27,1472.13,1445.8,1457.4,,
MICEXINDEXCF,2012-04-25,1457.42,1470.2,1457.14,1461.85,,
MICEXINDEXCF,2012-04-26,1461.85,1467.17,1440.8,1447.06,,
MICEXINDEXCF,2012-04-27,1447.06,1469.87,1439.92,1469.65,,
MICEXINDEXCF,2012-04-28,1469.65,1474.35,1468.36,1473.5,,
MICEXINDEXCF,2012-05-02,1473.5,1489.92,1445.69,1446.04,,
MICEXINDEXCF,2012-05-03,1446.04,1456.54,1437.19,1442.71,,
MICEXINDEXCF,2012-05-04,1442.73,1442.92,1385.75,1391.14,,
MICEXINDEXCF,2012-05-05,1391.14,1392.55,1381.25,1386.41,,
MICEXINDEXCF,2012-05-07,1386.41,1393.1,1350.14,1385.14,,
MICEXINDEXCF,2012-05-08,1385.14,1399.58,1371.2,1384.02,,
MICEXINDEXCF,2012-05-10,1384.02,1418.11,1381.66,1408.31,,
MICEXINDEXCF,2012-05-11,1408.31,1409.22,1373.35,1392,,
MICEXINDEXCF,2012-05-12,1392,1392.82,1372.82,1385.81,,
MICEXINDEXCF,2012-05-14,1385.81,1388.3,1333.72,1337.42,,
MICEXINDEXCF,2012-05-15,1337.42,1345.28,1311.67,1344.75,,
MICEXINDEXCF,2012-05-16,1344.76,1345.08,1316.4,1335.1,,
MICEXINDEXCF,2012-05-17,1335.08,1342.9,1282.59,1287.79,,
MICEXINDEXCF,2012-05-18,1287.79,1293.44,1246.15,1271.48,,
MICEXINDEXCF,2012-05-21,1271.28,1298.49,1261.32,1298.42,,
MICEXINDEXCF,2012-05-22,1298.4,1307.09,1286.55,1301.09,,
MICEXINDEXCF,2012-05-23,1301.02,1301.81,1251.92,1256.55,,
MICEXINDEXCF,2012-05-24,1256.55,1286.58,1241.58,1284.48,,
MICEXINDEXCF,2012-05-25,1284.48,1295.03,1273.54,1281.6,,
MICEXINDEXCF,2012-05-28,1281.61,1304.28,1280.85,1290.72,,
MICEXINDEXCF,2012-05-29,1290.72,1329.35,1290.72,1327.08,,
MICEXINDEXCF,2012-05-30,1327.08,1327.41,1300.07,1308.3,,
MICEXINDEXCF,2012-05-31,1308.3,1327.26,1303.67,1306.42,,
MICEXINDEXCF,2012-06-01,1306.43,1320.48,1278.56,1298.08,,
MICEXINDEXCF,2012-06-04,1298.08,1314.24,1280.1,1305.86,,
MICEXINDEXCF,2012-06-05,1305.86,1320.65,1291,1297.04,,
MICEXINDEXCF,2012-06-06,1297.04,1317.4,1289.39,1313.21,,
MICEXINDEXCF,2012-06-07,1313.21,1340.35,1297.77,1336.33,,
MICEXINDEXCF,2012-06-08,1336.38,1336.44,1315.94,1332.92,,
MICEXINDEXCF,2012-06-09,1332.92,1341.33,1332.92,1338.07,,
MICEXINDEXCF,2012-06-13,1338.07,1357.53,1333.37,1346.43,,
MICEXINDEXCF,2012-06-14,1346.43,1348.48,1333.58,1346.04,,
MICEXINDEXCF,2012-06-15,1346.04,1379.74,1346,1375.23,,
MICEXINDEXCF,2012-06-18,1375.21,1393.14,1375.05,1389,,
MICEXINDEXCF,2012-06-19,1389.12,1397.34,1382.24,1389.97,,
MICEXINDEXCF,2012-06-20,1389.97,1392.13,1370.94,1374.69,,
MICEXINDEXCF,2012-06-21,1374.69,1382.67,1363.14,1363.58,,
MICEXINDEXCF,2012-06-22,1363.58,1363.58,1342.23,1347.15,,
MICEXINDEXCF,2012-06-25,1347.16,1349.63,1325.74,1330.15,,
MICEXINDEXCF,2012-06-26,1330.15,1349.78,1329.65,1342.82,,
MICEXINDEXCF,2012-06-27,1342.82,1366.25,1341.62,1365.93,,
MICEXINDEXCF,2012-06-28,1365.93,1379.17,1341.01,1342.91,,
MICEXINDEXCF,2012-06-29,1342.91,1390.08,1340.66,1387.52,,
MICEXINDEXCF,2012-07-02,1387.52,1406.21,1383.67,1402.74,,
MICEXINDEXCF,2012-07-03,1402.74,1440.67,1402.74,1437.45,,
MICEXINDEXCF,2012-07-04,1437.19,1446.39,1426.02,1444.31,,
MICEXINDEXCF,2012-07-05,1444.3,1458.46,1430.47,1435.76,,
MICEXINDEXCF,2012-07-06,1435.75,1440.94,1408.41,1414.28,,
MICEXINDEXCF,2012-07-09,1414.29,1423.13,1405.72,1414.62,,
MICEXINDEXCF,2012-07-10,1414.64,1433.56,1401.96,1422.58,,
MICEXINDEXCF,2012-07-11,1422.58,1422.58,1396.72,1405.15,,
MICEXINDEXCF,2012-07-12,1405.15,1406.63,1379.11,1394.3,,
MICEXINDEXCF,2012-07-13,1394.3,1418.29,1394.3,1416.5,,
MICEXINDEXCF,2012-07-16,1416.48,1423.86,1412.98,1422.03,,
MICEXINDEXCF,2012-07-17,1422.03,1442.17,1421.28,1430.17,,
MICEXINDEXCF,2012-07-18,1430.17,1436.43,1423.79,1426.29,,
MICEXINDEXCF,2012-07-19,1426.29,1444.85,1426.29,1434.47,,
MICEXINDEXCF,2012-07-20,1434.49,1435.62,1413.92,1415.38,,
MICEXINDEXCF,2012-07-23,1415.38,1416.4,1367.71,1372.97,,
MICEXINDEXCF,2012-07-24,1372.95,1382.93,1359,1365.75,,
MICEXINDEXCF,2012-07-25,1365.75,1385.21,1353.58,1367.67,,
MICEXINDEXCF,2012-07-26,1367.67,1385.44,1358.58,1384.06,,
MICEXINDEXCF,2012-07-27,1384.06,1406.91,1383.39,1406.3,,
MICEXINDEXCF,2012-07-30,1406.3,1431.17,1406.3,1428.62,,
MICEXINDEXCF,2012-07-31,1428.62,1432.43,1402.05,1407.02,,
MICEXINDEXCF,2012-08-01,1407.01,1419.54,1401.48,1411.85,,
MICEXINDEXCF,2012-08-02,1411.85,1430.95,1386.94,1397.05,,
MICEXINDEXCF,2012-08-03,1395.31,1422.82,1391.96,1421.28,,
MICEXINDEXCF,2012-08-06,1421.22,1449.31,1417.27,1439.06,,
MICEXINDEXCF,2012-08-07,1439.34,1451.58,1433.24,1450.74,,
MICEXINDEXCF,2012-08-08,1450.81,1453.9,1438.85,1449.49,,
MICEXINDEXCF,2012-08-09,1449.49,1462.68,1438.94,1456.41,,
MICEXINDEXCF,2012-08-10,1456.41,1456.69,1430.02,1441.59,,
MICEXINDEXCF,2012-08-13,1441.88,1467.19,1441.88,1452.42,,
MICEXINDEXCF,2012-08-14,1452.42,1464.55,1450.26,1462.57,,
MICEXINDEXCF,2012-08-15,1462.57,1465.04,1433.66,1448.32,,
MICEXINDEXCF,2012-08-16,1448.34,1458.59,1442.81,1451.87,,
MICEXINDEXCF,2012-08-17,1451.85,1460.6,1443.92,1444.27,,
MICEXINDEXCF,2012-08-20,1444.26,1448.34,1421.66,1428.75,,
MICEXINDEXCF,2012-08-21,1428.75,1459.44,1419.95,1454.48,,
MICEXINDEXCF,2012-08-22,1454.48,1454.48,1436.56,1446.84,,
MICEXINDEXCF,2012-08-23,1446.81,1470.75,1446.27,1453.5,,
MICEXINDEXCF,2012-08-24,1453.5,1455.95,1439.9,1454.08,,
MICEXINDEXCF,2012-08-27,1454.08,1460.02,1441.74,1448.57,,
MICEXINDEXCF,2012-08-28,1448.55,1458.06,1443.96,1450.81,,
MICEXINDEXCF,2012-08-29,1450.81,1459.92,1437.09,1437.14,,
MICEXINDEXCF,2012-08-30,1437.12,1441.57,1425.21,1429.82,,
MICEXINDEXCF,2012-08-31,1429.82,1438.93,1417.79,1422.91,,
MICEXINDEXCF,2012-09-03,1422.9,1443.47,1421.07,1439.31,,
MICEXINDEXCF,2012-09-04,1439.31,1444.18,1434.07,1436.52,,
MICEXINDEXCF,2012-09-05,1436.46,1437.93,1420.32,1421.62,,
MICEXINDEXCF,2012-09-06,1421.62,1456.92,1420.73,1455.07,,
MICEXINDEXCF,2012-09-07,1455.07,1484.68,1454.88,1474.58,,
MICEXINDEXCF,2012-09-10,1474.58,1479.61,1464.9,1478.83,,
MICEXINDEXCF,2012-09-11,1478.83,1479,1465.93,1478.05,,
MICEXINDEXCF,2012-09-12,1478.05,1483.98,1472.91,1478.54,,
MICEXINDEXCF,2012-09-13,1478.51,1478.81,1468.33,1472.6,,
MICEXINDEXCF,2012-09-14,1472.6,1541.7,1472.59,1535.38,,
MICEXINDEXCF,2012-09-17,1535.38,1539.58,1520.01,1530.36,,
MICEXINDEXCF,2012-09-18,1530.37,1539.39,1513.75,1515.3,,
MICEXINDEXCF,2012-09-19,1515.3,1527.86,1489.74,1499.12,,
MICEXINDEXCF,2012-09-20,1499.15,1502.49,1480.82,1499.28,,
MICEXINDEXCF,2012-09-21,1499.29,1511.05,1495.24,1496.65,,
MICEXINDEXCF,2012-09-24,1496.63,1496.63,1480.01,1489.92,,
MICEXINDEXCF,2012-09-25,1489.92,1499.26,1480.79,1482.61,,
MICEXINDEXCF,2012-09-26,1482.61,1483.35,1442.3,1445.38,,
MICEXINDEXCF,2012-09-27,1445.39,1459.55,1438.44,1453.09,,
MICEXINDEXCF,2012-09-28,1453.11,1468.5,1450.7,1458.26,,
MICEXINDEXCF,2012-10-01,1458.3,1491.3,1452.53,1490.21,,
MICEXINDEXCF,2012-10-02,1490.21,1492.01,1478.56,1485.63,,
MICEXINDEXCF,2012-10-03,1485.61,1485.61,1469.8,1472.5,,
MICEXINDEXCF,2012-10-04,1472.5,1478.52,1451.95,1456.74,,
MICEXINDEXCF,2012-10-05,1456.71,1488.57,1454.87,1477.6,,
MICEXINDEXCF,2012-10-08,1477.6,1477.6,1459.92,1473.61,,
MICEXINDEXCF,2012-10-09,1473.61,1480.97,1469.72,1472.94,,
MICEXINDEXCF,2012-10-10,1472.94,1472.94,1458.19,1460.93,,
MICEXINDEXCF,2012-10-11,1460.91,1468.62,1453.61,1463.12,,
MICEXINDEXCF,2012-10-12,1463.15,1463.96,1440.65,1446.01,,
MICEXINDEXCF,2012-10-15,1446.01,1456.25,1440.53,1443.42,,
MICEXINDEXCF,2012-10-16,1443.42,1456.07,1439.79,1456.07,,
MICEXINDEXCF,2012-10-17,1456.07,1478.12,1454.02,1474.3,,
MICEXINDEXCF,2012-10-18,1474.29,1486.88,1467.4,1475.27,,
MICEXINDEXCF,2012-10-19,1475.28,1476.77,1458.57,1460.06,,
MICEXINDEXCF,2012-10-22,1460.04,1476.09,1451.6,1474.92,,
MICEXINDEXCF,2012-10-23,1474.91,1475.48,1451.11,1455.31,,
MICEXINDEXCF,2012-10-24,1455.31,1463.09,1437.39,1451.61,,
MICEXINDEXCF,2012-10-25,1451.61,1459.73,1444.51,1446,,
MICEXINDEXCF,2012-10-26,1446,1446.22,1424.5,1433.52,,
MICEXINDEXCF,2012-10-29,1433.51,1434.69,1422.34,1431.9,,
MICEXINDEXCF,2012-10-30,1431.9,1439.39,1419.66,1421.75,,
MICEXINDEXCF,2012-10-31,1421.74,1436.06,1420.52,1425.7,,
MICEXINDEXCF,2012-11-01,1425.71,1432.39,1407.46,1430.91,,
MICEXINDEXCF,2012-11-02,1430.92,1444.38,1428.78,1440.25,,
MICEXINDEXCF,2012-11-06,1440.25,1450.83,1436.61,1446.46,,
MICEXINDEXCF,2012-11-07,1446.39,1453.47,1422,1423.36,,
MICEXINDEXCF,2012-11-08,1423.36,1424.31,1395.46,1407.79,,
MICEXINDEXCF,2012-11-09,1407.79,1408.28,1392.8,1401.32,,
MICEXINDEXCF,2012-11-12,1401.19,1410.83,1394.49,1407.9,,
MICEXINDEXCF,2012-11-13,1407.9,1409.03,1370.36,1373.83,,
MICEXINDEXCF,2012-11-14,1373.84,1382.07,1360.07,1372.19,,
MICEXINDEXCF,2012-11-15,1372.19,1387.67,1364.36,1386.25,,
MICEXINDEXCF,2012-11-16,1386.25,1388.9,1375.06,1383.66,,
MICEXINDEXCF,2012-11-19,1383.65,1400.76,1383.09,1398.57,,
MICEXINDEXCF,2012-11-20,1398.57,1402.73,1389.47,1396.39,,
MICEXINDEXCF,2012-11-21,1396.39,1408.13,1389.06,1405.7,,
MICEXINDEXCF,2012-11-22,1405.7,1411.91,1401.57,1402.64,,
MICEXINDEXCF,2012-11-23,1402.64,1414.05,1401.44,1413.15,,
MICEXINDEXCF,2012-11-26,1413.15,1417.53,1399.61,1403.94,,
MICEXINDEXCF,2012-11-27,1403.94,1412.86,1392.28,1394.87,,
MICEXINDEXCF,2012-11-28,1394.85,1395.54,1379.46,1380.94,,
MICEXINDEXCF,2012-11-29,1380.94,1396.37,1378.7,1388.31,,
MICEXINDEXCF,2012-11-30,1388.31,1411.21,1384.18,1405.97,,
MICEXINDEXCF,2012-12-03,1405.97,1422.2,1403.7,1421.97,,
MICEXINDEXCF,2012-12-04,1421.94,1421.94,1407.84,1411.83,,
MICEXINDEXCF,2012-12-05,1411.84,1441.45,1411.83,1435.97,,
MICEXINDEXCF,2012-12-06,1435.96,1449.44,1434.35,1438.54,,
MICEXINDEXCF,2012-12-07,1438.54,1443.97,1427.85,1441.47,,
MICEXINDEXCF,2012-12-10,1441.47,1455.2,1438.51,1447.72,,
MICEXINDEXCF,2012-12-11,1447.72,1453.18,1441.68,1448.43,,
MICEXINDEXCF,2012-12-12,1448.36,1469.45,1448.33,1466.51,,
MICEXINDEXCF,2012-12-13,1466.5,1472.01,1454.64,1462.87,,
MICEXINDEXCF,2012-12-14,1462.87,1471.2,1460.51,1466.15,,
MICEXINDEXCF,2012-12-17,1466.16,1470.27,1458.44,1469.53,,
MICEXINDEXCF,2012-12-18,1469.53,1486.57,1467.26,1481.54,,
MICEXINDEXCF,2012-12-19,1481.54,1487.46,1477.03,1478.83,,
MICEXINDEXCF,2012-12-20,1478.81,1488.6,1468.9,1488.22,,
MICEXINDEXCF,2012-12-21,1487.99,1490.51,1470.24,1477.44,,
MICEXINDEXCF,2012-12-24,1477.44,1482.27,1471.47,1471.73,,
MICEXINDEXCF,2012-12-25,1471.73,1475.08,1467.21,1473.53,,
MICEXINDEXCF,2012-12-26,1473.53,1479.5,1471.17,1478.61,,
MICEXINDEXCF,2012-12-27,1478.61,1482.35,1475.82,1478.24,,
MICEXINDEXCF,2012-12-28,1478.22,1480.37,1472.55,1474.72,,
MICEXINDEXCF,2013-01-08,1474.73,1517.88,1474.73,1514.82,,
MICEXINDEXCF,2013-01-09,1514.82,1517.2,1510.61,1516.01,,
MICEXINDEXCF,2013-01-10,1516.01,1518.41,1506.96,1507.16,,
MICEXINDEXCF,2013-01-11,1507.16,1513.04,1503.38,1510.84,,
MICEXINDEXCF,2013-01-14,1510.84,1529.57,1510.21,1528.48,,
MICEXINDEXCF,2013-01-15,1528.48,1528.48,1515.16,1515.25,,
MICEXINDEXCF,2013-01-16,1515.25,1517.34,1507.33,1514.86,,
MICEXINDEXCF,2013-01-17,1514.86,1524.94,1513.62,1523.74,,
MICEXINDEXCF,2013-01-18,1523.74,1542.11,1523.73,1540.55,,
MICEXINDEXCF,2013-01-21,1540.57,1542.8,1533.26,1537.66,,
MICEXINDEXCF,2013-01-22,1537.68,1540.03,1517.01,1525.36,,
MICEXINDEXCF,2013-01-23,1525.28,1538.13,1523.81,1537.49,,
MICEXINDEXCF,2013-01-24,1537.44,1537.44,1518.82,1533.77,,
MICEXINDEXCF,2013-01-25,1533.77,1544.85,1526.02,1544.02,,
MICEXINDEXCF,2013-01-28,1544.02,1563.93,1543.24,1562.93,,
MICEXINDEXCF,2013-01-29,1562.93,1566.42,1549.18,1549.75,,
MICEXINDEXCF,2013-01-30,1549.75,1559.47,1537.08,1543.43,,
MICEXINDEXCF,2013-01-31,1543.43,1547.37,1535.52,1546.76,,
MICEXINDEXCF,2013-02-01,1546.52,1555.83,1543.13,1547.22,,
MICEXINDEXCF,2013-02-04,1547.22,1553.38,1533.42,1535.35,,
MICEXINDEXCF,2013-02-05,1535.37,1540.63,1528.49,1540.36,,
MICEXINDEXCF,2013-02-06,1540.39,1553.19,1526.93,1530.38,,
MICEXINDEXCF,2013-02-07,1530.38,1533.06,1518.86,1525.88,,
MICEXINDEXCF,2013-02-08,1526.12,1527.19,1510.83,1519.91,,
MICEXINDEXCF,2013-02-11,1519.93,1527.03,1515.39,1515.89,,
MICEXINDEXCF,2013-02-12,1515.87,1518.75,1507.54,1512.03,,
MICEXINDEXCF,2013-02-13,1512.03,1541,1512.03,1537.93,,
MICEXINDEXCF,2013-02-14,1537.93,1550.03,1514.14,1519.22,,
MICEXINDEXCF,2013-02-15,1519.22,1520.14,1500.79,1508.17,,
MICEXINDEXCF,2013-02-18,1508.19,1511.72,1498.3,1510.35,,
MICEXINDEXCF,2013-02-19,1510.33,1523.35,1509.54,1522.69,,
MICEXINDEXCF,2013-02-20,1522.69,1526.34,1511.08,1511.4,,
MICEXINDEXCF,2013-02-21,1511.4,1512.27,1486.49,1493.71,,
MICEXINDEXCF,2013-02-22,1493.71,1501.69,1491.83,1496.61,,
MICEXINDEXCF,2013-02-25,1496.61,1506.47,1493.35,1503.66,,
MICEXINDEXCF,2013-02-26,1503.75,1504.98,1482.01,1484.67,,
MICEXINDEXCF,2013-02-27,1484.67,1491.64,1481.11,1487.17,,
MICEXINDEXCF,2013-02-28,1487.17,1496.61,1483.24,1486.04,,
MICEXINDEXCF,2013-03-01,1486.06,1487.46,1466.84,1473.54,,
MICEXINDEXCF,2013-03-04,1473.54,1477.27,1461.45,1464.45,,
MICEXINDEXCF,2013-03-05,1463.98,1486.19,1462.49,1484.22,,
MICEXINDEXCF,2013-03-06,1485.04,1498.07,1485.04,1491.49,,
MICEXINDEXCF,2013-03-07,1491.99,1498.29,1489.02,1491.35,,
MICEXINDEXCF,2013-03-11,1491.14,1516.49,1491.14,1504.05,,
MICEXINDEXCF,2013-03-12,1503.98,1506.42,1494.92,1501.76,,
MICEXINDEXCF,2013-03-13,1501.41,1510.67,1493.55,1496.37,,
MICEXINDEXCF,2013-03-14,1495.73,1504.74,1490.35,1498.97,,
MICEXINDEXCF,2013-03-15,1498.83,1515.16,1493.61,1495.11,,
MICEXINDEXCF,2013-03-18,1495.71,1497.9,1449.22,1462.82,,
MICEXINDEXCF,2013-03-19,1461.88,1469.78,1448.55,1449.2,,
MICEXINDEXCF,2013-03-20,1448.84,1460.66,1442.68,1459.03,,
MICEXINDEXCF,2013-03-21,1458.24,1466.95,1457.93,1459.22,,
MICEXINDEXCF,2013-03-22,1459.17,1460.39,1440.27,1441.36,,
MICEXINDEXCF,2013-03-25,1441.26,1458.58,1425.78,1428.46,,
MICEXINDEXCF,2013-03-26,1427.99,1432.41,1412.41,1417,,
MICEXINDEXCF,2013-03-27,1416.78,1426.68,1407.22,1425,,
MICEXINDEXCF,2013-03-28,1424.56,1434.38,1414.96,1434.18,,
MICEXINDEXCF,2013-03-29,1434.88,1440.1,1432.8,1438.57,,
MICEXINDEXCF,2013-04-01,1438.84,1442.7,1427.83,1428.47,,
MICEXINDEXCF,2013-04-02,1428.29,1435.12,1424.9,1430.3,,
MICEXINDEXCF,2013-04-03,1430.3,1433.81,1422.48,1427.94,,
MICEXINDEXCF,2013-04-04,1427.42,1440.62,1416.75,1426.87,,
MICEXINDEXCF,2013-04-05,1426.61,1430.55,1410.47,1416.69,,
MICEXINDEXCF,2013-04-08,1417.28,1430.58,1406.67,1408.55,,
MICEXINDEXCF,2013-04-09,1408.81,1427.29,1408.81,1425.49,,
MICEXINDEXCF,2013-04-10,1425.79,1432.55,1419.96,1425.5,,
MICEXINDEXCF,2013-04-11,1425.19,1428.84,1397.82,1401.73,,
MICEXINDEXCF,2013-04-12,1400.92,1401.46,1380.57,1385.84,,
MICEXINDEXCF,2013-04-15,1385.62,1387.94,1351.83,1359.69,,
MICEXINDEXCF,2013-04-16,1358.23,1366.45,1349.93,1352.37,,
MICEXINDEXCF,2013-04-17,1353.41,1358.61,1328.84,1335.89,,
MICEXINDEXCF,2013-04-18,1335.91,1350.67,1333.73,1335.21,,
MICEXINDEXCF,2013-04-19,1335.57,1346.39,1330.02,1338.43,,
MICEXINDEXCF,2013-04-22,1338.67,1354.84,1324.58,1336.84,,
MICEXINDEXCF,2013-04-23,1337.22,1342.79,1320.73,1339.91,,
MICEXINDEXCF,2013-04-24,1339.51,1378.03,1337.53,1377.01,,
MICEXINDEXCF,2013-04-25,1377.33,1386.31,1368.05,1372.2,,
MICEXINDEXCF,2013-04-26,1372.5,1375.73,1358.28,1372.04,,
MICEXINDEXCF,2013-04-29,1373.57,1380.1,1360.54,1362.57,,
MICEXINDEXCF,2013-04-30,1363.38,1389.76,1360.58,1385.88,,
MICEXINDEXCF,2013-05-02,1385.88,1386.69,1369.52,1376.56,,
MICEXINDEXCF,2013-05-03,1377.45,1408.05,1377.14,1408.03,,
MICEXINDEXCF,2013-05-06,1408.03,1417.99,1406.2,1413.43,,
MICEXINDEXCF,2013-05-07,1413.02,1431.06,1407.95,1430.18,,
MICEXINDEXCF,2013-05-08,1430.12,1436.07,1421.41,1432.94,,
MICEXINDEXCF,2013-05-10,1431.31,1446.34,1421.53,1426.25,,
MICEXINDEXCF,2013-05-13,1426.25,1427.03,1409.34,1416.5,,
MICEXINDEXCF,2013-05-14,1414.79,1421.14,1398.65,1405.76,,
MICEXINDEXCF,2013-05-15,1405.65,1409.65,1384.97,1391.98,,
MICEXINDEXCF,2013-05-16,1392.54,1395.17,1373.1,1373.65,,
MICEXINDEXCF,2013-05-17,1373.53,1405.32,1372.57,1401.79,,
MICEXINDEXCF,2013-05-20,1401.43,1413.42,1399.68,1406.86,,
MICEXINDEXCF,2013-05-21,1406.94,1425.79,1399.41,1422.99,,
MICEXINDEXCF,2013-05-22,1423.11,1453.69,1422.4,1448.42,,
MICEXINDEXCF,2013-05-23,1448.56,1449.62,1393.12,1396.91,,
MICEXINDEXCF,2013-05-24,1397.75,1404.88,1376.22,1380.88,,
MICEXINDEXCF,2013-05-27,1380.92,1389.96,1373.2,1378.29,,
MICEXINDEXCF,2013-05-28,1378.25,1404.42,1378.07,1397.72,,
MICEXINDEXCF,2013-05-29,1397.54,1397.54,1360.89,1361.43,,
MICEXINDEXCF,2013-05-30,1361.16,1373.37,1355.4,1361.26,,
MICEXINDEXCF,2013-05-31,1362,1372.24,1340.39,1350.17,,
MICEXINDEXCF,2013-06-03,1350.17,1353.47,1324.54,1337.4,,
MICEXINDEXCF,2013-06-04,1337.52,1358.05,1337.44,1341.62,,
MICEXINDEXCF,2013-06-05,1341.33,1343.45,1321.06,1326.78,,
MICEXINDEXCF,2013-06-06,1326.73,1328.84,1314.38,1316.92,,
MICEXINDEXCF,2013-06-07,1316.32,1347.81,1315.42,1343.9,,
MICEXINDEXCF,2013-06-10,1343.9,1357.18,1328.38,1335.25,,
MICEXINDEXCF,2013-06-11,1335.25,1340.78,1298.25,1301.31,,
MICEXINDEXCF,2013-06-13,1302.52,1302.94,1271.39,1281.89,,
MICEXINDEXCF,2013-06-14,1282.46,1306.61,1279.55,1299.61,,
MICEXINDEXCF,2013-06-17,1300.02,1328.66,1298.56,1325.27,,
MICEXINDEXCF,2013-06-18,1325.09,1342.28,1319.73,1335.14,,
MICEXINDEXCF,2013-06-19,1334.66,1340.26,1316.88,1323.57,,
MICEXINDEXCF,2013-06-20,1323.55,1325.64,1293.18,1297.01,,
MICEXINDEXCF,2013-06-21,1297.01,1316,1290.47,1298.89,,
MICEXINDEXCF,2013-06-24,1298.41,1304.7,1284.9,1290.26,,
MICEXINDEXCF,2013-06-25,1289.76,1309.54,1287.93,1297.59,,
MICEXINDEXCF,2013-06-26,1297.59,1325.79,1297.49,1320.39,,
MICEXINDEXCF,2013-06-27,1320.39,1325.71,1305.03,1313.23,,
MICEXINDEXCF,2013-06-28,1314.68,1330.81,1311.08,1330.46,,
MICEXINDEXCF,2013-07-01,1330.46,1337.04,1319.81,1336.17,,
MICEXINDEXCF,2013-07-02,1334.44,1339.92,1328.85,1337.92,,
MICEXINDEXCF,2013-07-03,1338.28,1338.98,1324.27,1333.35,,
MICEXINDEXCF,2013-07-04,1333.4,1349.85,1331.64,1349.21,,
MICEXINDEXCF,2013-07-05,1348.94,1360.8,1340.22,1342.72,,
MICEXINDEXCF,2013-07-08,1343.25,1351.71,1338.57,1348.88,,
MICEXINDEXCF,2013-07-09,1349.8,1355.14,1342.51,1345.73,,
MICEXINDEXCF,2013-07-10,1345.48,1349.64,1330.73,1333.71,,
MICEXINDEXCF,2013-07-11,1333.12,1370.07,1332.26,1368.11,,
MICEXINDEXCF,2013-07-12,1368.11,1398.48,1366.54,1398.22,,
MICEXINDEXCF,2013-07-15,1396.38,1409.11,1393.4,1403.56,,
MICEXINDEXCF,2013-07-16,1403.43,1416.97,1399.84,1410.1,,
MICEXINDEXCF,2013-07-17,1409.21,1432.35,1407.15,1431.8,,
MICEXINDEXCF,2013-07-18,1431.3,1439.6,1408.66,1416.63,,
MICEXINDEXCF,2013-07-19,1417.47,1436.15,1408.9,1421.67,,
MICEXINDEXCF,2013-07-22,1421.67,1429.36,1408.83,1415.52,,
MICEXINDEXCF,2013-07-23,1415.48,1432.3,1415.48,1417.34,,
MICEXINDEXCF,2013-07-24,1418.33,1419.31,1402.78,1407.41,,
MICEXINDEXCF,2013-07-25,1408.42,1409.56,1396.11,1401.88,,
MICEXINDEXCF,2013-07-26,1401.94,1410.44,1400.7,1403.14,,
MICEXINDEXCF,2013-07-29,1403.31,1410.73,1397.93,1398.3,,
MICEXINDEXCF,2013-07-30,1398.24,1409.21,1386.21,1387.31,,
MICEXINDEXCF,2013-07-31,1387.31,1392.4,1375.38,1375.79,,
MICEXINDEXCF,2013-08-01,1376.31,1400.15,1375.93,1398.46,,
MICEXINDEXCF,2013-08-02,1398.75,1409.61,1383.28,1392.15,,
MICEXINDEXCF,2013-08-05,1391.79,1400.24,1388.26,1391.75,,
MICEXINDEXCF,2013-08-06,1391.54,1391.54,1363.51,1364.65,,
MICEXINDEXCF,2013-08-07,1364.31,1375.09,1356.24,1362.91,,
MICEXINDEXCF,2013-08-08,1364.4,1370.81,1353.71,1362.38,,
MICEXINDEXCF,2013-08-09,1360.82,1384.93,1359.98,1382.72,,
MICEXINDEXCF,2013-08-12,1382.74,1390.16,1378.93,1388.36,,
MICEXINDEXCF,2013-08-13,1387.9,1409.91,1387.43,1407.86,,
MICEXINDEXCF,2013-08-14,1408.73,1425.1,1407,1423.87,,
MICEXINDEXCF,2013-08-15,1424.17,1424.17,1388.81,1391.37,,
MICEXINDEXCF,2013-08-16,1392.98,1396.5,1372.03,1380.31,,
MICEXINDEXCF,2013-08-19,1380.56,1384.33,1368.95,1382.32,,
MICEXINDEXCF,2013-08-20,1381.98,1383.01,1365.22,1377.28,,
MICEXINDEXCF,2013-08-21,1376.82,1390.29,1368.06,1376.6,,
MICEXINDEXCF,2013-08-22,1375.49,1398.47,1368.06,1396.65,,
MICEXINDEXCF,2013-08-23,1397.54,1401.67,1392.59,1393.21,,
MICEXINDEXCF,2013-08-26,1392.42,1403.88,1382.6,1387.06,,
MICEXINDEXCF,2013-08-27,1387.21,1387.21,1367.56,1374.21,,
MICEXINDEXCF,2013-08-28,1374.27,1375.39,1355.7,1369.64,,
MICEXINDEXCF,2013-08-29,1369.64,1380.61,1366.79,1371.89,,
MICEXINDEXCF,2013-08-30,1372.02,1373.1,1357.93,1364.65,,
MICEXINDEXCF,2013-09-02,1364.75,1373.73,1364.27,1367.53,,
MICEXINDEXCF,2013-09-03,1366.99,1384.18,1366.99,1373.82,,
MICEXINDEXCF,2013-09-04,1372.98,1376.42,1365.21,1375.66,,
MICEXINDEXCF,2013-09-05,1375.66,1422.4,1373.29,1422.4,,
MICEXINDEXCF,2013-09-06,1421.86,1448.75,1418.8,1423.4,,
MICEXINDEXCF,2013-09-09,1423.4,1455.28,1421.45,1451.54,,
MICEXINDEXCF,2013-09-10,1451.54,1464.2,1446.97,1453.57,,
MICEXINDEXCF,2013-09-11,1452.52,1459.68,1449.58,1454.12,,
MICEXINDEXCF,2013-09-12,1454.21,1461.2,1441.58,1450.23,,
MICEXINDEXCF,2013-09-13,1450.66,1451.89,1434.74,1440.74,,
MICEXINDEXCF,2013-09-16,1441.06,1470.65,1438.79,1470.48,,
MICEXINDEXCF,2013-09-17,1470.71,1474.02,1461.86,1473.03,,
MICEXINDEXCF,2013-09-18,1472.17,1482.59,1462.18,1464.95,,
MICEXINDEXCF,2013-09-19,1464.35,1501.32,1463.8,1487.19,,
MICEXINDEXCF,2013-09-20,1486.49,1488.5,1476.07,1476.73,,
MICEXINDEXCF,2013-09-23,1476.69,1478.61,1463.61,1467.62,,
MICEXINDEXCF,2013-09-24,1466.41,1472.11,1459.21,1464.72,,
MICEXINDEXCF,2013-09-25,1464.72,1480.33,1459.13,1479.59,,
MICEXINDEXCF,2013-09-26,1479.59,1490.02,1475.35,1485.14,,
MICEXINDEXCF,2013-09-27,1483.99,1486.59,1468.35,1471.89,,
MICEXINDEXCF,2013-09-30,1472.23,1474.57,1453.65,1462.82,,
MICEXINDEXCF,2013-10-01,1462.82,1472.98,1460.09,1471.73,,
MICEXINDEXCF,2013-10-02,1472.45,1474.9,1450.52,1454.29,,
MICEXINDEXCF,2013-10-03,1454.53,1466.23,1452.25,1456.49,,
MICEXINDEXCF,2013-10-04,1456.51,1474.42,1449.76,1474.21,,
MICEXINDEXCF,2013-10-07,1474.45,1481.55,1462.85,1480.2,,
MICEXINDEXCF,2013-10-08,1480.2,1505.73,1479.34,1505.14,,
MICEXINDEXCF,2013-10-09,1503.44,1511.79,1495.13,1501.01,,
MICEXINDEXCF,2013-10-10,1499.22,1523.22,1499.22,1516.73,,
MICEXINDEXCF,2013-10-11,1516.8,1524.35,1507.06,1513.03,,
MICEXINDEXCF,2013-10-14,1511.81,1511.81,1501.48,1510.2,,
MICEXINDEXCF,2013-10-15,1510.2,1532.25,1510.01,1531.67,,
MICEXINDEXCF,2013-10-16,1530.17,1537.08,1522.75,1531.57,,
MICEXINDEXCF,2013-10-17,1531.57,1536.39,1505.89,1512.32,,
MICEXINDEXCF,2013-10-18,1512.32,1537.28,1512.32,1533.35,,
MICEXINDEXCF,2013-10-21,1535.22,1538.75,1526.62,1533.61,,
MICEXINDEXCF,2013-10-22,1535.27,1535.99,1523.36,1528.76,,
MICEXINDEXCF,2013-10-23,1526.4,1527.1,1503.88,1507.26,,
MICEXINDEXCF,2013-10-24,1506.87,1510.38,1497.35,1502.46,,
MICEXINDEXCF,2013-10-25,1501.94,1507.18,1493.18,1504.48,,
MICEXINDEXCF,2013-10-28,1504.7,1520.53,1503.45,1511.51,,
MICEXINDEXCF,2013-10-29,1511.51,1521.12,1506.65,1516.17,,
MICEXINDEXCF,2013-10-30,1516.3,1527.4,1510.71,1516,,
MICEXINDEXCF,2013-10-31,1516,1516,1498.39,1510.21,,
MICEXINDEXCF,2013-11-01,1509.58,1517.25,1507.58,1515.15,,
MICEXINDEXCF,2013-11-05,1515.15,1521.02,1505.22,1505.94,,
MICEXINDEXCF,2013-11-06,1507.07,1510.42,1498.11,1499.95,,
MICEXINDEXCF,2013-11-07,1499.95,1515.77,1495.98,1509.25,,
MICEXINDEXCF,2013-11-08,1508.61,1508.61,1486.51,1489.55,,
MICEXINDEXCF,2013-11-11,1488.89,1496.47,1482.84,1483.46,,
MICEXINDEXCF,2013-11-12,1485.45,1500.84,1481.29,1500.41,,
MICEXINDEXCF,2013-11-13,1499,1499,1464.59,1466.82,,
MICEXINDEXCF,2013-11-14,1466.82,1494.74,1466.82,1490.89,,
MICEXINDEXCF,2013-11-15,1489.4,1503.45,1488.56,1493.79,,
MICEXINDEXCF,2013-11-18,1494.53,1511.2,1494.53,1510.61,,
MICEXINDEXCF,2013-11-19,1510.72,1517.64,1505.52,1511.19,,
MICEXINDEXCF,2013-11-20,1511.16,1511.16,1495.03,1508.52,,
MICEXINDEXCF,2013-11-21,1506.62,1506.62,1489.98,1494.07,,
MICEXINDEXCF,2013-11-22,1494.1,1506.11,1492.23,1504.1,,
MICEXINDEXCF,2013-11-25,1504.21,1513.33,1501.58,1502.41,,
MICEXINDEXCF,2013-11-26,1502.89,1503.7,1480.39,1484.37,,
MICEXINDEXCF,2013-11-27,1484.6,1489.49,1473.23,1475.42,,
MICEXINDEXCF,2013-11-28,1475.16,1487.5,1475.16,1479.46,,
MICEXINDEXCF,2013-11-29,1480.08,1484.02,1467.32,1479.35,,
MICEXINDEXCF,2013-12-02,1479.32,1488.97,1472.55,1473.26,,
MICEXINDEXCF,2013-12-03,1473.56,1473.56,1441.36,1448.84,,
MICEXINDEXCF,2013-12-04,1450.22,1455.82,1436.32,1439.26,,
MICEXINDEXCF,2013-12-05,1437.77,1447.44,1427.88,1429.25,,
MICEXINDEXCF,2013-12-06,1429.25,1451.05,1425.31,1448.67,,
MICEXINDEXCF,2013-12-09,1448.67,1467.2,1444.94,1465.7,,
MICEXINDEXCF,2013-12-10,1465.7,1471.29,1459.02,1464.14,,
MICEXINDEXCF,2013-12-11,1464.14,1470,1451,1464.67,,
MICEXINDEXCF,2013-12-12,1465.25,1465.25,1444.62,1449.74,,
MICEXINDEXCF,2013-12-13,1449.74,1457.88,1449.21,1452.76,,
MICEXINDEXCF,2013-12-16,1452.63,1470.62,1445,1470.22,,
MICEXINDEXCF,2013-12-17,1469.57,1483.08,1468.22,1479.39,,
MICEXINDEXCF,2013-12-18,1480.09,1488.27,1478.45,1486.91,,
MICEXINDEXCF,2013-12-19,1488.21,1509.2,1485.48,1497.99,,
MICEXINDEXCF,2013-12-20,1499.17,1502.86,1490.98,1497.23,,
MICEXINDEXCF,2013-12-23,1497.31,1510.09,1495.22,1507.49,,
MICEXINDEXCF,2013-12-24,1506.89,1510.9,1500.66,1506.41,,
MICEXINDEXCF,2013-12-25,1506.41,1510.28,1500.49,1501.12,,
MICEXINDEXCF,2013-12-26,1501.1,1506.74,1499.17,1501.47,,
MICEXINDEXCF,2013-12-27,1501.83,1504.99,1494.33,1494.83,,
MICEXINDEXCF,2013-12-30,1496.27,1504.85,1492.08,1504.08,,
MICEXINDEXCF,2014-01-06,1504.14,1504.33,1464.97,1466.15,,
MICEXINDEXCF,2014-01-08,1465.99,1470.25,1460.41,1462.67,,
MICEXINDEXCF,2014-01-09,1462.67,1470.65,1460.81,1465.14,,
MICEXINDEXCF,2014-01-10,1465.74,1470.73,1454.75,1469.19,,
MICEXINDEXCF,2014-01-13,1469.19,1482.45,1466.51,1477.56,,
MICEXINDEXCF,2014-01-14,1477.59,1477.59,1453.85,1469.64,,
MICEXINDEXCF,2014-01-15,1469.76,1487.83,1469.76,1486.51,,
MICEXINDEXCF,2014-01-16,1486.37,1492.58,1478.45,1480.73,,
MICEXINDEXCF,2014-01-17,1480.63,1495.05,1475.23,1486.88,,
MICEXINDEXCF,2014-01-20,1485.75,1498.37,1483.25,1495.36,,
MICEXINDEXCF,2014-01-21,1495.92,1507.16,1495.92,1504.68,,
MICEXINDEXCF,2014-01-22,1503.6,1505.31,1490.29,1498.73,,
MICEXINDEXCF,2014-01-23,1498.73,1511.7,1495.9,1496.9,,
MICEXINDEXCF,2014-01-24,1496.9,1497.76,1483.66,1494.58,,
MICEXINDEXCF,2014-01-27,1494.18,1495.27,1476.06,1478.23,,
MICEXINDEXCF,2014-01-28,1477.91,1486.09,1467.97,1469.57,,
MICEXINDEXCF,2014-01-29,1468.35,1494.47,1459.87,1462.99,,
MICEXINDEXCF,2014-01-30,1463.05,1473.45,1444.39,1463.2,,
MICEXINDEXCF,2014-01-31,1463.6,1470.6,1448.36,1454.45,,
MICEXINDEXCF,2014-02-03,1453.55,1463.54,1442.06,1442.84,,
MICEXINDEXCF,2014-02-04,1442.52,1442.62,1426.29,1441.16,,
MICEXINDEXCF,2014-02-05,1442.02,1460.75,1437.54,1456,,
MICEXINDEXCF,2014-02-06,1456,1469.18,1454.43,1466.7,,
MICEXINDEXCF,2014-02-07,1465.18,1480.6,1463.96,1478.48,,
MICEXINDEXCF,2014-02-10,1478.22,1485.32,1475.63,1476.28,,
MICEXINDEXCF,2014-02-11,1475.83,1488.95,1473.3,1483.57,,
MICEXINDEXCF,2014-02-12,1484.42,1498.62,1484.42,1496.03,,
MICEXINDEXCF,2014-02-13,1496.07,1498.08,1475.41,1478.62,,
MICEXINDEXCF,2014-02-14,1478.77,1497.94,1478.77,1496.18,,
MICEXINDEXCF,2014-02-17,1494.38,1515.3,1494.32,1507.49,,
MICEXINDEXCF,2014-02-18,1507.81,1518.13,1500.39,1504.24,,
MICEXINDEXCF,2014-02-19,1504.02,1507.97,1482.02,1485.6,,
MICEXINDEXCF,2014-02-20,1485.48,1485.48,1467.52,1480.99,,
MICEXINDEXCF,2014-02-21,1481.85,1492.45,1481.85,1487.64,,
MICEXINDEXCF,2014-02-24,1487.51,1491.78,1480.03,1489.01,,
MICEXINDEXCF,2014-02-25,1489.59,1495.13,1472.43,1478.64,,
MICEXINDEXCF,2014-02-26,1478.9,1486.11,1465.16,1469.51,,
MICEXINDEXCF,2014-02-27,1469.93,1476.26,1431.6,1448.7,,
MICEXINDEXCF,2014-02-28,1448.78,1456.45,1429.25,1444.71,,
MICEXINDEXCF,2014-03-03,1438.02,1438.02,1261.76,1288.81,,
MICEXINDEXCF,2014-03-04,1288.78,1365.23,1288.78,1356.54,,
MICEXINDEXCF,2014-03-05,1356.27,1364.25,1330.61,1351.11,,
MICEXINDEXCF,2014-03-06,1351.5,1370.56,1301.96,1337.98,,
MICEXINDEXCF,2014-03-07,1337.5,1359.45,1322.08,1339.36,,
MICEXINDEXCF,2014-03-11,1338.5,1338.5,1304.35,1308.7,,
MICEXINDEXCF,2014-03-12,1307.08,1307.08,1271.74,1274.21,,
MICEXINDEXCF,2014-03-13,1274.24,1285.93,1247.7,1248.56,,
MICEXINDEXCF,2014-03-14,1248.29,1248.29,1182.86,1237.43,,
MICEXINDEXCF,2014-03-17,1237.52,1288.34,1237.52,1283.7,,
MICEXINDEXCF,2014-03-18,1285.53,1340.16,1278.76,1335.86,,
MICEXINDEXCF,2014-03-19,1335.84,1352.68,1312.5,1319.02,,
MICEXINDEXCF,2014-03-20,1316.67,1325.61,1302.68,1320.5,,
MICEXINDEXCF,2014-03-21,1320.12,1320.12,1270.55,1307.34,,
MICEXINDEXCF,2014-03-24,1307.34,1332.95,1297.76,1297.91,,
MICEXINDEXCF,2014-03-25,1297.9,1332.86,1288.97,1324.44,,
MICEXINDEXCF,2014-03-26,1324.51,1359.88,1324.51,1349.39,,
MICEXINDEXCF,2014-03-27,1347.83,1351.71,1321.19,1331.93,,
MICEXINDEXCF,2014-03-28,1333.01,1353.88,1330.46,1344.12,,
MICEXINDEXCF,2014-03-31,1344.15,1369.29,1343.27,1369.29,,
MICEXINDEXCF,2014-04-01,1369.32,1378.55,1359.58,1375.73,,
MICEXINDEXCF,2014-04-02,1375.97,1379.88,1358.46,1373.33,,
MICEXINDEXCF,2014-04-03,1373.57,1382.08,1360.49,1366.04,,
MICEXINDEXCF,2014-04-04,1366.43,1388,1361.61,1382.41,,
MICEXINDEXCF,2014-04-07,1380.15,1380.15,1334.86,1349.79,,
MICEXINDEXCF,2014-04-08,1349.85,1352.45,1334.63,1352.33,,
MICEXINDEXCF,2014-04-09,1353.18,1355.77,1337.98,1348.85,,
MICEXINDEXCF,2014-04-10,1348.77,1367.88,1348.21,1367.71,,
MICEXINDEXCF,2014-04-11,1367.65,1371.12,1346.03,1362.4,,
MICEXINDEXCF,2014-04-14,1362.04,1362.1,1336.98,1344.86,,
MICEXINDEXCF,2014-04-15,1344.18,1347.88,1308.86,1311.01,,
MICEXINDEXCF,2014-04-16,1310.98,1326.2,1300.75,1322.6,,
MICEXINDEXCF,2014-04-17,1322.67,1336.24,1310.92,1329.67,,
MICEXINDEXCF,2014-04-18,1330.57,1362.46,1330.57,1356.54,,
MICEXINDEXCF,2014-04-21,1356.48,1359.21,1342.38,1345.04,,
MICEXINDEXCF,2014-04-22,1345,1345.19,1327.04,1335.62,,
MICEXINDEXCF,2014-04-23,1335.65,1335.65,1324.21,1329.11,,
MICEXINDEXCF,2014-04-24,1329.1,1334.32,1289.85,1300.54,,
MICEXINDEXCF,2014-04-25,1300.53,1300.53,1277.92,1280.12,,
MICEXINDEXCF,2014-04-28,1278.12,1302.13,1260.39,1299.13,,
MICEXINDEXCF,2014-04-29,1300.83,1318.36,1298.66,1304.78,,
MICEXINDEXCF,2014-04-30,1304.76,1309.53,1296.24,1306.01,,
MICEXINDEXCF,2014-05-02,1304.93,1306.44,1292.08,1304.84,,
MICEXINDEXCF,2014-05-05,1302.99,1306.43,1289.8,1298.29,,
MICEXINDEXCF,2014-05-06,1299.07,1321.49,1299.07,1318.57,,
MICEXINDEXCF,2014-05-07,1316.74,1379.42,1312.62,1363.48,,
MICEXINDEXCF,2014-05-08,1364.29,1383.84,1355.34,1371.42,,
MICEXINDEXCF,2014-05-12,1372.09,1383.99,1362.93,1375.31,,
MICEXINDEXCF,2014-05-13,1375.56,1395.22,1375.56,1385.29,,
MICEXINDEXCF,2014-05-14,1385.27,1389.21,1378.39,1389.11,,
MICEXINDEXCF,2014-05-15,1388.68,1399.52,1381.2,1381.99,,
MICEXINDEXCF,2014-05-16,1381.44,1392.3,1374.24,1392.3,,
MICEXINDEXCF,2014-05-19,1392.51,1418.88,1392.42,1413.85,,
MICEXINDEXCF,2014-05-20,1413.86,1426.1,1406.85,1425.58,,
MICEXINDEXCF,2014-05-21,1425.57,1441.93,1415.28,1439.9,,
MICEXINDEXCF,2014-05-22,1440.79,1446.72,1420.49,1430.54,,
MICEXINDEXCF,2014-05-23,1430.54,1440.8,1422.07,1438.98,,
MICEXINDEXCF,2014-05-26,1439.15,1456.7,1438.31,1449.36,,
MICEXINDEXCF,2014-05-27,1449.38,1449.57,1410.07,1417.32,,
MICEXINDEXCF,2014-05-28,1417.38,1429.84,1408.77,1425.95,,
MICEXINDEXCF,2014-05-29,1426.69,1449.63,1426.69,1447.39,,
MICEXINDEXCF,2014-05-30,1447.76,1450.76,1432.03,1432.03,,
MICEXINDEXCF,2014-06-02,1432.67,1475.11,1432.67,1464.47,,
MICEXINDEXCF,2014-06-03,1463.62,1472.83,1449.78,1472.83,,
MICEXINDEXCF,2014-06-04,1472.06,1482.68,1466.02,1475.79,,
MICEXINDEXCF,2014-06-05,1476.06,1483.88,1465.87,1470.7,,
MICEXINDEXCF,2014-06-06,1470.73,1486.59,1457.67,1484.94,,
MICEXINDEXCF,2014-06-09,1485.27,1497.96,1484.27,1485.39,,
MICEXINDEXCF,2014-06-10,1485.24,1490.81,1475.97,1490.81,,
MICEXINDEXCF,2014-06-11,1490.8,1501.18,1487.42,1501.18,,
MICEXINDEXCF,2014-06-16,1501.17,1501.17,1467.09,1493.93,,
MICEXINDEXCF,2014-06-17,1494.08,1501.62,1479.97,1486.38,,
MICEXINDEXCF,2014-06-18,1486.47,1500.39,1484.51,1494.28,,
MICEXINDEXCF,2014-06-19,1494.99,1508.95,1493.52,1495.09,,
MICEXINDEXCF,2014-06-20,1494.87,1496,1480.97,1486.3,,
MICEXINDEXCF,2014-06-23,1486.33,1498.9,1478.63,1486.3,,
MICEXINDEXCF,2014-06-24,1487.1,1519.09,1487.1,1518.83,,
MICEXINDEXCF,2014-06-25,1517.62,1517.62,1479.28,1481.95,,
MICEXINDEXCF,2014-06-26,1482.13,1489.68,1465.15,1473.18,,
MICEXINDEXCF,2014-06-27,1473.31,1481.29,1467.94,1477.32,,
MICEXINDEXCF,2014-06-30,1477.29,1478.43,1460.38,1476.38,,
MICEXINDEXCF,2014-07-01,1476.28,1483.23,1461.45,1482.92,,
MICEXINDEXCF,2014-07-02,1482.91,1514.33,1482.84,1514.33,,
MICEXINDEXCF,2014-07-03,1514.66,1522.21,1510.66,1514.47,,
MICEXINDEXCF,2014-07-04,1515.53,1516.36,1485.52,1489.53,,
MICEXINDEXCF,2014-07-07,1489.55,1518.05,1484.27,1513.72,,
MICEXINDEXCF,2014-07-08,1513.76,1532.08,1512.68,1516.75,,
MICEXINDEXCF,2014-07-09,1516.29,1518.6,1496.79,1513.38,,
MICEXINDEXCF,2014-07-10,1513.37,1521.88,1480.26,1494.92,,
MICEXINDEXCF,2014-07-11,1495.01,1502.23,1488.84,1499.82,,
MICEXINDEXCF,2014-07-14,1500.29,1502.68,1482.63,1483.41,,
MICEXINDEXCF,2014-07-15,1482.23,1487.49,1471.95,1475.77,,
MICEXINDEXCF,2014-07-16,1475.68,1482.6,1459.08,1474.72,,
MICEXINDEXCF,2014-07-17,1470.83,1470.83,1429.08,1440.63,,
MICEXINDEXCF,2014-07-18,1440.54,1440.54,1410.48,1422.53,,
MICEXINDEXCF,2014-07-21,1422.53,1424.64,1384.5,1384.5,,
MICEXINDEXCF,2014-07-22,1386.14,1414.21,1386.14,1405.97,,
MICEXINDEXCF,2014-07-23,1406.5,1421.56,1395.74,1406.58,,
MICEXINDEXCF,2014-07-24,1405.58,1410.75,1394.04,1408.8,,
MICEXINDEXCF,2014-07-25,1408.19,1408.19,1386.14,1388.41,,
MICEXINDEXCF,2014-07-28,1387.12,1387.14,1357.03,1361.94,,
MICEXINDEXCF,2014-07-29,1361.22,1380.29,1356.62,1369.83,,
MICEXINDEXCF,2014-07-30,1368.72,1403.6,1359.65,1382.14,,
MICEXINDEXCF,2014-07-31,1383.04,1399.12,1376.48,1379.61,,
MICEXINDEXCF,2014-08-01,1378.03,1378.1,1358.11,1374.83,,
MICEXINDEXCF,2014-08-04,1375.73,1386.43,1365.01,1378.98,,
MICEXINDEXCF,2014-08-05,1379.5,1383.36,1356.2,1357.89,,
MICEXINDEXCF,2014-08-06,1357.33,1362.22,1333.37,1334.66,,
MICEXINDEXCF,2014-08-07,1333.39,1340.84,1306.8,1333.53,,
MICEXINDEXCF,2014-08-08,1332.26,1360.49,1329.1,1348.21,,
MICEXINDEXCF,2014-08-11,1350.42,1379.22,1350.42,1372.45,,
MICEXINDEXCF,2014-08-12,1372.94,1386.2,1368.1,1374.19,,
MICEXINDEXCF,2014-08-13,1373.64,1402.38,1373.27,1398.85,,
MICEXINDEXCF,2014-08-14,1399.07,1412.88,1391.65,1407.53,,
MICEXINDEXCF,2014-08-15,1407.57,1425.76,1400.7,1417.82,,
MICEXINDEXCF,2014-08-18,1418.05,1427.95,1415.35,1425.18,,
MICEXINDEXCF,2014-08-19,1425.18,1441.42,1425.18,1437.6,,
MICEXINDEXCF,2014-08-20,1437.58,1447.5,1432.63,1447.5,,
MICEXINDEXCF,2014-08-21,1447.12,1469.44,1445.48,1461.75,,
MICEXINDEXCF,2014-08-22,1461.79,1463.71,1434.09,1446.6,,
MICEXINDEXCF,2014-08-25,1446.86,1456.72,1446.09,1454.67,,
MICEXINDEXCF,2014-08-26,1454.47,1460,1441.42,1443.32,,
MICEXINDEXCF,2014-08-27,1444.28,1454.96,1444.28,1447.91,,
MICEXINDEXCF,2014-08-28,1447.54,1447.76,1414.18,1423.78,,
MICEXINDEXCF,2014-08-29,1423.56,1428.72,1400.44,1400.71,,
MICEXINDEXCF,2014-09-01,1401.34,1419.9,1389.77,1392.4,,
MICEXINDEXCF,2014-09-02,1392.27,1401.68,1386.31,1400.35,,
MICEXINDEXCF,2014-09-03,1400.44,1452.92,1400.44,1449.29,,
MICEXINDEXCF,2014-09-04,1449.51,1462.03,1439.38,1457.34,,
MICEXINDEXCF,2014-09-05,1456,1481.15,1446.95,1474.71,,
MICEXINDEXCF,2014-09-08,1474.38,1478.26,1460.85,1464.76,,
MICEXINDEXCF,2014-09-09,1465.13,1479.64,1465.13,1468.17,,
MICEXINDEXCF,2014-09-10,1466.99,1472.23,1456.21,1468.55,,
MICEXINDEXCF,2014-09-11,1469.4,1479.05,1449.1,1449.63,,
MICEXINDEXCF,2014-09-12,1449.4,1470.49,1440.23,1458.52,,
MICEXINDEXCF,2014-09-15,1457.87,1466.43,1441.26,1454.19,,
MICEXINDEXCF,2014-09-16,1454.13,1483.66,1451.21,1477.31,,
MICEXINDEXCF,2014-09-17,1477.09,1477.09,1437.73,1449.37,,
MICEXINDEXCF,2014-09-18,1449.37,1460.13,1443.75,1448.63,,
MICEXINDEXCF,2014-09-19,1448.19,1454.16,1423.44,1431.58,,
MICEXINDEXCF,2014-09-22,1431.12,1436.21,1412.83,1412.83,,
MICEXINDEXCF,2014-09-23,1413.57,1432.37,1413.49,1429.45,,
MICEXINDEXCF,2014-09-24,1429.97,1447.44,1429.97,1441.83,,
MICEXINDEXCF,2014-09-25,1443.03,1454.26,1435.31,1436.05,,
MICEXINDEXCF,2014-09-26,1435.09,1440.87,1424.43,1434.2,,
MICEXINDEXCF,2014-09-29,1434.99,1444.93,1405.94,1408.28,,
MICEXINDEXCF,2014-09-30,1409.07,1428.09,1402.3,1411.07,,
MICEXINDEXCF,2014-10-01,1410.33,1421.66,1399.61,1399.99,,
MICEXINDEXCF,2014-10-02,1399.21,1400.79,1372.43,1376.35,,
MICEXINDEXCF,2014-10-03,1377.65,1397.2,1375.66,1384.66,,
MICEXINDEXCF,2014-10-06,1385.97,1424.35,1385.95,1418.15,,
MICEXINDEXCF,2014-10-07,1418.15,1421.85,1399.51,1403.48,,
MICEXINDEXCF,2014-10-08,1403.56,1403.56,1379.76,1379.76,,
MICEXINDEXCF,2014-10-09,1379.89,1405.38,1379.89,1384.33,,
MICEXINDEXCF,2014-10-10,1382.17,1382.17,1359.4,1364.24,,
MICEXINDEXCF,2014-10-13,1364.11,1393.63,1358.01,1383.93,,
MICEXINDEXCF,2014-10-14,1383.69,1408.56,1383.63,1394.16,,
MICEXINDEXCF,2014-10-15,1393.66,1394.83,1374.51,1377.09,,
MICEXINDEXCF,2014-10-16,1377.43,1393.4,1354.6,1360.33,,
MICEXINDEXCF,2014-10-17,1362.06,1391.07,1362.06,1384.72,,
MICEXINDEXCF,2014-10-20,1385.26,1395.92,1369.98,1376.36,,
MICEXINDEXCF,2014-10-21,1375.82,1389.82,1361.53,1383.35,,
MICEXINDEXCF,2014-10-22,1384.16,1392.42,1371.38,1374.19,,
MICEXINDEXCF,2014-10-23,1373.43,1377.96,1355.24,1372.92,,
MICEXINDEXCF,2014-10-24,1372.4,1381.83,1363.55,1380.39,,
MICEXINDEXCF,2014-10-27,1381.95,1404.07,1381.95,1394.27,,
MICEXINDEXCF,2014-10-28,1394.75,1422.75,1394.24,1415.51,,
MICEXINDEXCF,2014-10-29,1415.53,1441.98,1411,1439.58,,
MICEXINDEXCF,2014-10-30,1438.8,1456.88,1428.36,1452.89,,
MICEXINDEXCF,2014-10-31,1453.89,1488.47,1453.89,1488.47,,
MICEXINDEXCF,2014-11-03,1488.15,1495.86,1477.06,1491.19,,
MICEXINDEXCF,2014-11-05,1490.66,1496.19,1471.25,1495.26,,
MICEXINDEXCF,2014-11-06,1495.47,1521.14,1490.66,1497.46,,
MICEXINDEXCF,2014-11-07,1496.51,1526.08,1486.37,1497.11,,
MICEXINDEXCF,2014-11-10,1498.62,1518.73,1498.59,1515.36,,
MICEXINDEXCF,2014-11-11,1515.08,1531.92,1511.53,1514.78,,
MICEXINDEXCF,2014-11-12,1514.85,1524.72,1507.45,1513.83,,
MICEXINDEXCF,2014-11-13,1514.19,1522.87,1492.27,1492.27,,
MICEXINDEXCF,2014-11-14,1491.75,1507.93,1481.97,1500.76,,
MICEXINDEXCF,2014-11-17,1500.69,1512.61,1494.81,1507.1,,
MICEXINDEXCF,2014-11-18,1506.78,1524.8,1495.09,1519.61,,
MICEXINDEXCF,2014-11-19,1519.69,1524.1,1513.68,1517.97,,
MICEXINDEXCF,2014-11-20,1518.1,1535.97,1517.28,1530.4,,
MICEXINDEXCF,2014-11-21,1530.46,1541.52,1515.01,1538.93,,
MICEXINDEXCF,2014-11-24,1539.95,1541.75,1521.83,1529.54,,
MICEXINDEXCF,2014-11-25,1529.62,1537.65,1516.18,1529.57,,
MICEXINDEXCF,2014-11-26,1528.83,1537.43,1522.5,1537.43,,
MICEXINDEXCF,2014-11-27,1537,1548.17,1528.06,1531.69,,
MICEXINDEXCF,2014-11-28,1531.34,1540.07,1518.45,1533.68,,
MICEXINDEXCF,2014-12-01,1532.89,1598.19,1525.35,1578.38,,
MICEXINDEXCF,2014-12-02,1578.4,1596.96,1555.89,1583.12,,
MICEXINDEXCF,2014-12-03,1583.62,1608.92,1578.93,1606.84,,
MICEXINDEXCF,2014-12-04,1606.75,1623.02,1577.7,1582.08,,
MICEXINDEXCF,2014-12-05,1581.89,1586.6,1528.65,1529.2,,
MICEXINDEXCF,2014-12-08,1529.73,1551.66,1476.02,1481.27,,
MICEXINDEXCF,2014-12-09,1481.49,1490.27,1459.77,1475.22,,
MICEXINDEXCF,2014-12-10,1475.93,1514.63,1475.93,1486.85,,
MICEXINDEXCF,2014-12-11,1486.89,1494.07,1442.79,1455.04,,
MICEXINDEXCF,2014-12-12,1453.8,1488.4,1413.04,1459.68,,
MICEXINDEXCF,2014-12-15,1459.25,1483.38,1402.83,1424.99,,
MICEXINDEXCF,2014-12-16,1424.72,1484.06,1309.6,1444.32,,
MICEXINDEXCF,2014-12-17,1445.53,1476.19,1389.63,1413.79,,
MICEXINDEXCF,2014-12-18,1417.41,1506.13,1417.41,1477.27,,
MICEXINDEXCF,2014-12-19,1477.36,1488.34,1417.68,1449.13,,
MICEXINDEXCF,2014-12-22,1452.95,1466.34,1421.39,1437.08,,
MICEXINDEXCF,2014-12-23,1437.08,1446.31,1391.38,1398.2,,
MICEXINDEXCF,2014-12-24,1398.2,1411.56,1383.61,1401.5,,
MICEXINDEXCF,2014-12-25,1401.47,1410.06,1383.91,1408.54,,
MICEXINDEXCF,2014-12-26,1409.02,1432.41,1409.02,1417.8,,
MICEXINDEXCF,2014-12-29,1417.53,1489.75,1409.1,1432.94,,
MICEXINDEXCF,2014-12-30,1429.68,1430.01,1378.54,1396.61,,
MICEXINDEXCF,2015-01-05,1394.66,1438.91,1390.53,1435.66,,
MICEXINDEXCF,2015-01-06,1435.39,1481.35,1430.47,1480.73,,
MICEXINDEXCF,2015-01-08,1482.12,1564.87,1481.93,1547.39,,
MICEXINDEXCF,2015-01-09,1547.61,1557.96,1496.17,1515.37,,
MICEXINDEXCF,2015-01-12,1515.23,1534.74,1503.49,1513.22,,
MICEXINDEXCF,2015-01-13,1513.21,1543.59,1499.57,1533.09,,
MICEXINDEXCF,2015-01-14,1531.65,1560.01,1524.69,1554.46,,
MICEXINDEXCF,2015-01-15,1556.96,1586.22,1555.36,1563.21,,
MICEXINDEXCF,2015-01-16,1563.21,1594.06,1551.01,1591.43,,
MICEXINDEXCF,2015-01-19,1590.54,1627.53,1572.94,1576.4,,
MICEXINDEXCF,2015-01-20,1576.47,1594.91,1561.8,1570.97,,
MICEXINDEXCF,2015-01-21,1570.59,1619.32,1570.59,1618.17,,
MICEXINDEXCF,2015-01-22,1618.68,1676.38,1618.52,1666.56,,
MICEXINDEXCF,2015-01-23,1667.99,1700.78,1662.11,1671.8,,
MICEXINDEXCF,2015-01-26,1670.23,1670.3,1622.02,1642.37,,
MICEXINDEXCF,2015-01-27,1642.31,1681.46,1614.16,1673.92,,
MICEXINDEXCF,2015-01-28,1675.3,1706.39,1643.42,1647.71,,
MICEXINDEXCF,2015-01-29,1647.11,1675.57,1639.65,1639.65,,
MICEXINDEXCF,2015-01-30,1640.56,1664.73,1631.55,1647.69,,
MICEXINDEXCF,2015-02-02,1647.74,1663.94,1616.27,1625.31,,
MICEXINDEXCF,2015-02-03,1626.65,1667.59,1626.65,1654.36,,
MICEXINDEXCF,2015-02-04,1655.5,1665.09,1643.24,1656.02,,
MICEXINDEXCF,2015-02-05,1654.97,1698.83,1642.51,1696.06,,
MICEXINDEXCF,2015-02-06,1696.96,1762.39,1696.96,1755.45,,
MICEXINDEXCF,2015-02-09,1755.7,1830,1740.58,1748.55,,
MICEXINDEXCF,2015-02-10,1748.02,1774.06,1729.77,1742.35,,
MICEXINDEXCF,2015-02-11,1744.86,1787.77,1744.86,1763.6,,
MICEXINDEXCF,2015-02-12,1764.24,1816.76,1747.85,1802.8,,
MICEXINDEXCF,2015-02-13,1802.88,1839.71,1802.88,1838.18,,
MICEXINDEXCF,2015-02-16,1838.21,1848.15,1785.54,1800.59,,
MICEXINDEXCF,2015-02-17,1800.92,1842.59,1781.8,1793.82,,
MICEXINDEXCF,2015-02-18,1795.83,1833.14,1795.59,1809.67,,
MICEXINDEXCF,2015-02-19,1809.67,1819.89,1757.33,1797.87,,
MICEXINDEXCF,2015-02-20,1797.88,1809.24,1780,1792.7,,
MICEXINDEXCF,2015-02-24,1786.49,1786.49,1754.81,1772.16,,
MICEXINDEXCF,2015-02-25,1772.4,1773.73,1727.7,1746.23,,
MICEXINDEXCF,2015-02-26,1746.79,1769.53,1735.27,1760.66,,
MICEXINDEXCF,2015-02-27,1760.67,1769.22,1740.91,1758.97,,
MICEXINDEXCF,2015-03-02,1759.25,1789.54,1759.18,1783.34,,
MICEXINDEXCF,2015-03-03,1783.44,1825.94,1769.58,1807.7,,
MICEXINDEXCF,2015-03-04,1807.71,1816.23,1756.33,1759.35,,
MICEXINDEXCF,2015-03-05,1760.67,1792.04,1746.06,1760.55,,
MICEXINDEXCF,2015-03-06,1761.29,1766.86,1723.09,1728.55,,
MICEXINDEXCF,2015-03-10,1726.86,1726.86,1663.86,1665.38,,
MICEXINDEXCF,2015-03-11,1665.41,1692.31,1655.32,1671.47,,
MICEXINDEXCF,2015-03-12,1671.71,1681.09,1656.35,1664.7,,
MICEXINDEXCF,2015-03-13,1664.59,1669.05,1621.86,1627.88,,
MICEXINDEXCF,2015-03-16,1626.77,1636.16,1609.82,1609.85,,
MICEXINDEXCF,2015-03-17,1609.96,1627.54,1603.78,1611.69,,
MICEXINDEXCF,2015-03-18,1611.74,1640.27,1611.74,1632.12,,
MICEXINDEXCF,2015-03-19,1634.77,1652.73,1607.25,1607.97,,
MICEXINDEXCF,2015-03-20,1607.97,1641.84,1599.57,1628.64,,
MICEXINDEXCF,2015-03-23,1629.29,1639.06,1597.64,1602.85,,
MICEXINDEXCF,2015-03-24,1602.33,1623.88,1590.59,1618.62,,
MICEXINDEXCF,2015-03-25,1618.62,1626.05,1595.9,1615.5,,
MICEXINDEXCF,2015-03-26,1615.54,1633.27,1574.11,1581.84,,
MICEXINDEXCF,2015-03-27,1581.84,1594.38,1569.61,1571.55,,
MICEXINDEXCF,2015-03-30,1571.77,1615.55,1571.62,1612.84,,
MICEXINDEXCF,2015-03-31,1612.93,1626.18,1606.24,1626.18,,
MICEXINDEXCF,2015-04-01,1625.21,1663.17,1613.77,1661.9,,
MICEXINDEXCF,2015-04-02,1661.9,1682.29,1656.23,1679.24,,
MICEXINDEXCF,2015-04-03,1679.61,1692.95,1676.47,1681.47,,
MICEXINDEXCF,2015-04-06,1681.8,1701.24,1679.3,1700.64,,
MICEXINDEXCF,2015-04-07,1700.64,1709.88,1684.17,1695.64,,
MICEXINDEXCF,2015-04-08,1695.51,1695.59,1669.88,1683.63,,
MICEXINDEXCF,2015-04-09,1683.1,1683.1,1648.36,1667.6,,
MICEXINDEXCF,2015-04-10,1667.62,1674.48,1635.85,1657.02,,
MICEXINDEXCF,2015-04-13,1657.1,1694.94,1654.49,1678.19,,
MICEXINDEXCF,2015-04-14,1678.43,1678.5,1641.8,1647.39,,
MICEXINDEXCF,2015-04-15,1647.29,1681.83,1643.11,1677.7,,
MICEXINDEXCF,2015-04-16,1678.04,1689.29,1661.38,1686.79,,
MICEXINDEXCF,2015-04-17,1686.79,1694.08,1656.59,1656.59,,
MICEXINDEXCF,2015-04-20,1657.63,1691.93,1655.75,1683.24,,
MICEXINDEXCF,2015-04-21,1683.51,1711.34,1682.94,1710.24,,
MICEXINDEXCF,2015-04-22,1710.13,1712.91,1669.11,1677.56,,
MICEXINDEXCF,2015-04-23,1677.89,1678.58,1633.12,1662.64,,
MICEXINDEXCF,2015-04-24,1663.15,1689.71,1657.66,1682.7,,
MICEXINDEXCF,2015-04-27,1682.82,1698.65,1677.22,1677.22,,
MICEXINDEXCF,2015-04-28,1676.32,1682.19,1667.34,1677.89,,
MICEXINDEXCF,2015-04-29,1677.89,1694.28,1666.52,1670.99,,
MICEXINDEXCF,2015-04-30,1670.99,1692.32,1668.5,1688.34,,
MICEXINDEXCF,2015-05-05,1689.55,1734.34,1689.2,1721.8,,
MICEXINDEXCF,2015-05-06,1722.16,1723.45,1697.86,1714.31,,
MICEXINDEXCF,2015-05-07,1713.09,1713.09,1676.21,1686.98,,
MICEXINDEXCF,2015-05-08,1686.94,1713.6,1684.09,1708.52,,
MICEXINDEXCF,2015-05-12,1708.42,1720.01,1689.29,1704.62,,
MICEXINDEXCF,2015-05-13,1704.5,1708.47,1681.08,1682.26,,
MICEXINDEXCF,2015-05-14,1682.26,1694.79,1672.2,1677.57,,
MICEXINDEXCF,2015-05-15,1677.77,1694.9,1677.77,1691.46,,
MICEXINDEXCF,2015-05-18,1691.53,1696.49,1677.69,1678.55,,
MICEXINDEXCF,2015-05-19,1678.31,1681.24,1646.85,1659.36,,
MICEXINDEXCF,2015-05-20,1659.18,1662.19,1631.77,1636.86,,
MICEXINDEXCF,2015-05-21,1637.14,1663.24,1632.43,1659.33,,
MICEXINDEXCF,2015-05-22,1659.47,1667.92,1653.03,1665.66,,
MICEXINDEXCF,2015-05-25,1665.75,1666.38,1641.96,1655.4,,
MICEXINDEXCF,2015-05-26,1655.85,1666.87,1646.09,1651.66,,
MICEXINDEXCF,2015-05-27,1651.73,1664.29,1637.42,1660.98,,
MICEXINDEXCF,2015-05-28,1660.65,1678.64,1656.17,1657.62,,
MICEXINDEXCF,2015-05-29,1657.67,1680.07,1609.19,1609.19,,
MICEXINDEXCF,2015-06-01,1657.67,1640.89,1609.19,1616.94,,
MICEXINDEXCF,2015-06-02,1616.97,1650.64,1612.78,1643.41,,
MICEXINDEXCF,2015-06-03,1643.99,1653.53,1615.96,1628.87,,
MICEXINDEXCF,2015-06-04,1628.8,1644.36,1627.02,1638.07,,
MICEXINDEXCF,2015-06-05,1638.12,1652.07,1633.49,1652.07,,
MICEXINDEXCF,2015-06-08,1652.21,1668.5,1642.19,1646.89,,
MICEXINDEXCF,2015-06-09,1646.89,1666.06,1637.38,1664.01,,
MICEXINDEXCF,2015-06-10,1664.03,1667.2,1650.89,1653.09,,
MICEXINDEXCF,2015-06-11,1653.06,1654.91,1638.13,1652.24,,
MICEXINDEXCF,2015-06-15,1652.29,1658.32,1629.81,1657.29,,
MICEXINDEXCF,2015-06-16,1657.37,1674.11,1649.16,1668.82,,
MICEXINDEXCF,2015-06-17,1668.84,1678.91,1661.75,1664.66,,
MICEXINDEXCF,2015-06-18,1664.65,1671.88,1658.41,1660.14,,
MICEXINDEXCF,2015-06-19,1660.56,1665.71,1655.53,1663.03,,
MICEXINDEXCF,2015-06-22,1664.11,1679.42,1663.35,1671.8,,
MICEXINDEXCF,2015-06-23,1672.27,1676.22,1656.39,1657.23,,
MICEXINDEXCF,2015-06-24,1658.03,1664.57,1642.08,1651.85,,
MICEXINDEXCF,2015-06-25,1651.14,1655.8,1631.99,1631.99,,
MICEXINDEXCF,2015-06-26,1631.92,1647.81,1626.87,1644.45,,
MICEXINDEXCF,2015-06-29,1644.45,1644.45,1625.71,1634.93,,
MICEXINDEXCF,2015-06-30,1634.93,1655.25,1626.02,1654.55,,
MICEXINDEXCF,2015-07-01,1654.57,1659.97,1638.44,1639.7,,
MICEXINDEXCF,2015-07-02,1639.78,1646.96,1633.69,1641.05,,
MICEXINDEXCF,2015-07-03,1641.01,1642.2,1625.42,1631.65,,
MICEXINDEXCF,2015-07-06,1627.71,1627.71,1613.71,1621.27,,
MICEXINDEXCF,2015-07-07,1621.35,1629.59,1606.28,1614.14,,
MICEXINDEXCF,2015-07-08,1614.14,1616.6,1573.95,1595,,
MICEXINDEXCF,2015-07-09,1595.08,1614.85,1595.02,1614.59,,
MICEXINDEXCF,2015-07-10,1615.11,1625.59,1614.93,1623.99,,
MICEXINDEXCF,2015-07-13,1618.23,1642.97,1617.17,1642.97,,
MICEXINDEXCF,2015-07-14,1643,1647.01,1626.09,1647.01,,
MICEXINDEXCF,2015-07-15,1638.3,1644.01,1626.17,1641.22,,
MICEXINDEXCF,2015-07-16,1640.81,1652.97,1636.99,1652.59,,
MICEXINDEXCF,2015-07-17,1652.52,1660,1646.37,1650.08,,
MICEXINDEXCF,2015-07-20,1650.09,1652.05,1619.44,1626.76,,
MICEXINDEXCF,2015-07-21,1627.19,1639.92,1618.58,1635.69,,
MICEXINDEXCF,2015-07-22,1634.89,1635.63,1620.47,1635.63,,
MICEXINDEXCF,2015-07-23,1634.79,1634.9,1614.97,1616.14,,
MICEXINDEXCF,2015-07-24,1615.69,1622.3,1593.07,1595.61,,
MICEXINDEXCF,2015-07-27,1595.5,1599.25,1570.46,1584.92,,
MICEXINDEXCF,2015-07-28,1584.92,1610.7,1577.99,1604.5,,
MICEXINDEXCF,2015-07-29,1604.56,1624.64,1600.31,1622.32,,
MICEXINDEXCF,2015-07-30,1622.69,1638.51,1620.24,1636.72,,
MICEXINDEXCF,2015-07-31,1636.72,1669,1630.18,1669,,
MICEXINDEXCF,2015-08-03,1668.13,1676.26,1654.45,1663.74,,
MICEXINDEXCF,2015-08-04,1663.31,1676.58,1659.16,1674.46,,
MICEXINDEXCF,2015-08-05,1674.63,1696.8,1665.12,1693.07,,
MICEXINDEXCF,2015-08-06,1693.07,1698.3,1670.57,1675.71,,
MICEXINDEXCF,2015-08-07,1676.75,1695.39,1676.75,1690.44,,
MICEXINDEXCF,2015-08-10,1690.47,1702.7,1674.35,1702.02,,
MICEXINDEXCF,2015-08-11,1702.02,1721.32,1694.61,1697.87,,
MICEXINDEXCF,2015-08-12,1697.9,1703.59,1683.3,1697.65,,
MICEXINDEXCF,2015-08-13,1697.59,1713.25,1689.99,1704.11,,
MICEXINDEXCF,2015-08-14,1704.14,1723.32,1699.32,1712.47,,
MICEXINDEXCF,2015-08-17,1712.48,1714.94,1694.54,1707.95,,
MICEXINDEXCF,2015-08-18,1707.95,1707.95,1685.83,1691.24,,
MICEXINDEXCF,2015-08-19,1691.29,1701.42,1665.62,1673.86,,
MICEXINDEXCF,2015-08-20,1673.96,1697.7,1668.66,1695.57,,
MICEXINDEXCF,2015-08-21,1695.48,1695.48,1663.31,1663.31,,
MICEXINDEXCF,2015-08-24,1659.31,1659.31,1603.72,1634.14,,
MICEXINDEXCF,2015-08-25,1634.35,1672.38,1634.35,1658.13,,
MICEXINDEXCF,2015-08-26,1658.32,1675.07,1633.45,1660.95,,
MICEXINDEXCF,2015-08-27,1661,1697.22,1661,1695.22,,
MICEXINDEXCF,2015-08-28,1695.23,1723.18,1690.32,1719.16,,
MICEXINDEXCF,2015-08-31,1718.06,1733.17,1706.96,1733.17,,
MICEXINDEXCF,2015-09-01,1732.9,1733.68,1689.24,1697.99,,
MICEXINDEXCF,2015-09-02,1697.98,1716.97,1687.09,1690.82,,
MICEXINDEXCF,2015-09-03,1690.83,1717.15,1690.83,1710.57,,
MICEXINDEXCF,2015-09-04,1710.58,1712.74,1691.69,1698.16,,
MICEXINDEXCF,2015-09-07,1698.16,1708.58,1695.62,1701.18,,
MICEXINDEXCF,2015-09-08,1701.82,1732.63,1701.82,1714.18,,
MICEXINDEXCF,2015-09-09,1715.73,1735.84,1715.73,1722.43,,
MICEXINDEXCF,2015-09-10,1722.05,1730.1,1710.46,1718.9,,
MICEXINDEXCF,2015-09-11,1718.88,1727.89,1713.03,1718.06,,
MICEXINDEXCF,2015-09-14,1717.6,1740.22,1716.12,1729.75,,
MICEXINDEXCF,2015-09-15,1729.91,1731.49,1708.46,1716.26,,
MICEXINDEXCF,2015-09-16,1716.27,1734.05,1716.24,1731.81,,
MICEXINDEXCF,2015-09-17,1731.81,1735.5,1722.44,1729.2,,
MICEXINDEXCF,2015-09-18,1730.15,1739.55,1703.22,1710.84,,
MICEXINDEXCF,2015-09-21,1710.87,1719.18,1697.3,1699.72,,
MICEXINDEXCF,2015-09-22,1699.92,1702.47,1656.18,1664.25,,
MICEXINDEXCF,2015-09-23,1664.27,1667.03,1638.18,1640.7,,
MICEXINDEXCF,2015-09-24,1640.7,1641.77,1611.89,1621.43,,
MICEXINDEXCF,2015-09-25,1621.44,1648.3,1621.43,1639.64,,
MICEXINDEXCF,2015-09-28,1639.64,1643.94,1614.35,1616.36,,
MICEXINDEXCF,2015-09-29,1616.36,1635.46,1606.83,1630.51,,
MICEXINDEXCF,2015-09-30,1630.53,1654.38,1630.53,1642.97,,
MICEXINDEXCF,2015-10-01,1644.52,1649.57,1616.85,1626.97,,
MICEXINDEXCF,2015-10-02,1627.07,1630.77,1603.46,1612.56,,
MICEXINDEXCF,2015-10-05,1612.71,1654.73,1612.71,1652.47,,
MICEXINDEXCF,2015-10-06,1652.49,1670.69,1649.46,1670.69,,
MICEXINDEXCF,2015-10-07,1670.68,1679.49,1656.38,1679.49,,
MICEXINDEXCF,2015-10-08,1679.36,1691.95,1660.37,1689.32,,
MICEXINDEXCF,2015-10-09,1690.66,1734.75,1690.62,1728.44,,
MICEXINDEXCF,2015-10-12,1728.43,1739.29,1699.74,1710.6,,
MICEXINDEXCF,2015-10-13,1710.6,1720.81,1697.54,1720.81,,
MICEXINDEXCF,2015-10-14,1720.8,1731.57,1704.22,1723.01,,
MICEXINDEXCF,2015-10-15,1722.84,1746.67,1722.68,1731.91,,
MICEXINDEXCF,2015-10-16,1731.9,1746.07,1715.01,1717,,
MICEXINDEXCF,2015-10-19,1717.09,1722.49,1702.4,1716.08,,
MICEXINDEXCF,2015-10-20,1716.15,1722.62,1702.42,1722.62,,
MICEXINDEXCF,2015-10-21,1722.7,1722.9,1702.14,1709.94,,
MICEXINDEXCF,2015-10-22,1709.93,1718.82,1702.65,1712.1,,
MICEXINDEXCF,2015-10-23,1713.65,1734.98,1710.36,1725.45,,
MICEXINDEXCF,2015-10-26,1725.51,1731.6,1696.77,1712.13,,
MICEXINDEXCF,2015-10-27,1712.23,1725.89,1692.28,1725.89,,
MICEXINDEXCF,2015-10-28,1725.91,1727.39,1708.38,1726.61,,
MICEXINDEXCF,2015-10-29,1725.9,1727.3,1707.12,1708.6,,
MICEXINDEXCF,2015-10-30,1708.51,1723.04,1699.25,1711.53,,
MICEXINDEXCF,2015-11-02,1710.9,1737.18,1701.25,1735.75,,
MICEXINDEXCF,2015-11-03,1735.76,1766.85,1734.22,1763.6,,
MICEXINDEXCF,2015-11-05,1764.94,1784.42,1762.01,1766.28,,
MICEXINDEXCF,2015-11-06,1766.18,1778.18,1746.17,1754.36,,
MICEXINDEXCF,2015-11-09,1754.19,1763.52,1742.36,1751.44,,
MICEXINDEXCF,2015-11-10,1751.45,1754.61,1734.34,1746.94,,
MICEXINDEXCF,2015-11-11,1747.02,1756.09,1733.61,1740.56,,
MICEXINDEXCF,2015-11-12,1739.29,1750.71,1732.5,1739.96,,
MICEXINDEXCF,2015-11-13,1739.84,1744.12,1723.42,1728.17,,
MICEXINDEXCF,2015-11-16,1728.12,1751.67,1726.31,1739.8,,
MICEXINDEXCF,2015-11-17,1740.98,1792.88,1740.82,1787.23,,
MICEXINDEXCF,2015-11-18,1787.11,1820.38,1785.1,1810.48,,
MICEXINDEXCF,2015-11-19,1811.89,1842.14,1805.41,1811.2,,
MICEXINDEXCF,2015-11-20,1810.03,1831.77,1797.93,1826.72,,
MICEXINDEXCF,2015-11-23,1826.87,1868.66,1811.85,1868.07,,
MICEXINDEXCF,2015-11-24,1868.08,1873.53,1798.73,1810.05,,
MICEXINDEXCF,2015-11-25,1810.02,1837.06,1808.88,1833.53,,
MICEXINDEXCF,2015-11-26,1833.97,1850.39,1816.58,1828.3,,
MICEXINDEXCF,2015-11-27,1828.32,1828.32,1790.68,1795.7,,
MICEXINDEXCF,2015-11-30,1794.25,1807.57,1771.05,1771.05,,
MICEXINDEXCF,2015-12-01,1771.05,1785.29,1763.05,1772.97,,
MICEXINDEXCF,2015-12-02,1773.49,1793.27,1760.51,1770.13,,
MICEXINDEXCF,2015-12-03,1770.1,1792.38,1764.86,1787.23,,
MICEXINDEXCF,2015-12-04,1786.55,1798.91,1741.6,1755.22,,
MICEXINDEXCF,2015-12-07,1756.11,1767.34,1735.01,1741.14,,
MICEXINDEXCF,2015-12-08,1740.64,1741.79,1712.87,1718.77,,
MICEXINDEXCF,2015-12-09,1719.84,1740.47,1719.44,1733.09,,
MICEXINDEXCF,2015-12-10,1732.65,1747.56,1723.3,1732.89,,
MICEXINDEXCF,2015-12-11,1732.9,1732.91,1711.81,1720.31,,
MICEXINDEXCF,2015-12-14,1720.37,1721.48,1698.9,1708.7,,
MICEXINDEXCF,2015-12-15,1708.89,1749.52,1708.89,1742.46,,
MICEXINDEXCF,2015-12-16,1743.03,1759.09,1743.03,1754.71,,
MICEXINDEXCF,2015-12-17,1754.74,1786.18,1754.74,1780.97,,
MICEXINDEXCF,2015-12-18,1779.42,1779.42,1719.16,1719.16,,
MICEXINDEXCF,2015-12-21,1719.44,1737.12,1710.32,1716.91,,
MICEXINDEXCF,2015-12-22,1716.92,1729.08,1715,1723.35,,
MICEXINDEXCF,2015-12-23,1718.65,1747.85,1718.65,1747.85,,
MICEXINDEXCF,2015-12-24,1747.86,1757.5,1738.72,1742.71,,
MICEXINDEXCF,2015-12-25,1743.77,1745.96,1728.27,1734.21,,
MICEXINDEXCF,2015-12-28,1734.21,1736.19,1722.9,1731.2,,
MICEXINDEXCF,2015-12-29,1728.23,1763.38,1727.05,1763.38,,
MICEXINDEXCF,2015-12-30,1763.71,1770.79,1751.37,1761.36,,
MICEXINDEXCF,2016-01-04,1761.42,1762.78,1731.4,1734.56,,
MICEXINDEXCF,2016-01-05,1734.55,1754.33,1731.63,1754.13,,
MICEXINDEXCF,2016-01-06,1753.75,1758.76,1738.84,1748.57,,
MICEXINDEXCF,2016-01-11,1748.04,1748.06,1681.58,1682.54,,
MICEXINDEXCF,2016-01-12,1682.72,1705.23,1660.15,1690.3,,
MICEXINDEXCF,2016-01-13,1692.48,1709.08,1682.3,1684.78,,
MICEXINDEXCF,2016-01-14,1684.77,1685.63,1658.8,1680.77,,
MICEXINDEXCF,2016-01-15,1680.81,1686.85,1597.62,1608.36,,
MICEXINDEXCF,2016-01-18,1607.88,1631.58,1583.02,1622.43,,
MICEXINDEXCF,2016-01-19,1622.53,1675.01,1622.53,1645.56,,
MICEXINDEXCF,2016-01-20,1641.62,1641.62,1601.64,1630.39,,
MICEXINDEXCF,2016-01-21,1630.57,1684.08,1630.17,1677.19,,
MICEXINDEXCF,2016-01-22,1683.75,1730.24,1682.89,1717.98,,
MICEXINDEXCF,2016-01-25,1718.25,1726.96,1700.35,1716.56,,
MICEXINDEXCF,2016-01-26,1716.86,1719.09,1695.66,1705.01,,
MICEXINDEXCF,2016-01-27,1705.1,1747.57,1705.1,1747.57,,
MICEXINDEXCF,2016-01-28,1747.63,1771.93,1739.8,1771.93,,
MICEXINDEXCF,2016-01-29,1772.01,1788.29,1758.6,1784.92,,
MICEXINDEXCF,2016-02-01,1785.01,1785.08,1760.22,1773.21,,
MICEXINDEXCF,2016-02-02,1771.37,1785.75,1749.87,1758.26,,
MICEXINDEXCF,2016-02-03,1757.9,1766.28,1744.73,1746.35,,
MICEXINDEXCF,2016-02-04,1745.21,1792.48,1745.21,1787.93,,
MICEXINDEXCF,2016-02-05,1786.7,1796.48,1772.26,1780.59,,
MICEXINDEXCF,2016-02-08,1780.26,1784.56,1737.02,1744.27,,
MICEXINDEXCF,2016-02-09,1744.17,1752.95,1715,1723.36,,
MICEXINDEXCF,2016-02-10,1722.5,1740.72,1710.21,1730.83,,
MICEXINDEXCF,2016-02-11,1729.42,1729.42,1688.06,1711.58,,
MICEXINDEXCF,2016-02-12,1711.6,1733.67,1711.6,1726.04,,
MICEXINDEXCF,2016-02-15,1726.08,1746.43,1726.08,1738.54,,
MICEXINDEXCF,2016-02-16,1738.89,1758.19,1738.89,1753.86,,
MICEXINDEXCF,2016-02-17,1753.86,1776.93,1750.04,1770.31,,
MICEXINDEXCF,2016-02-18,1770.3,1807.55,1770.3,1807.21,,
MICEXINDEXCF,2016-02-19,1805.82,1805.82,1778.96,1793.37,,
MICEXINDEXCF,2016-02-20,1793.68,1798.77,1786.92,1790.15,,
MICEXINDEXCF,2016-02-22,1790.46,1825,1790.46,1822.38,,
MICEXINDEXCF,2016-02-24,1811.08,1812.94,1784.54,1797.27,,
MICEXINDEXCF,2016-02-25,1802.37,1819.19,1777.7,1803.89,,
MICEXINDEXCF,2016-02-26,1815.99,1831.7,1811.66,1816.73,,
MICEXINDEXCF,2016-02-29,1811.53,1841.56,1798.51,1840.17,,
MICEXINDEXCF,2016-03-01,1841.43,1851.88,1838.41,1844.17,,
MICEXINDEXCF,2016-03-02,1853.32,1856.08,1826.41,1832.84,,
MICEXINDEXCF,2016-03-03,1836.07,1863.95,1836.07,1858.69,,
MICEXINDEXCF,2016-03-04,1863.15,1878.29,1853.81,1878.29,,
MICEXINDEXCF,2016-03-07,1883.38,1909.57,1883.38,1909.57,,
MICEXINDEXCF,2016-03-09,1899.19,1906.99,1875.51,1883,,
MICEXINDEXCF,2016-03-10,1885.97,1896.06,1875.62,1884.63,,
MICEXINDEXCF,2016-03-11,1886.85,1888.77,1868.22,1876.54,,
MICEXINDEXCF,2016-03-14,1877.23,1880.41,1857.19,1865.31,,
MICEXINDEXCF,2016-03-15,1871.79,1879,1851.49,1855.06,,
MICEXINDEXCF,2016-03-16,1858.01,1871.2,1852.92,1871.2,,
MICEXINDEXCF,2016-03-17,1876.61,1900.12,1874.39,1890.79,,
MICEXINDEXCF,2016-03-18,1892.81,1923.5,1885.15,1914.02,,
MICEXINDEXCF,2016-03-21,1905.96,1906.34,1886.76,1904.5,,
MICEXINDEXCF,2016-03-22,1905.76,1916.27,1888.59,1903.47,,
MICEXINDEXCF,2016-03-23,1900.09,1906.38,1869.32,1879.89,,
MICEXINDEXCF,2016-03-24,1872.88,1875.27,1857.27,1866.67,,
MICEXINDEXCF,2016-03-25,1869.6,1879.79,1865.37,1866.23,,
MICEXINDEXCF,2016-03-28,1871.93,1879.47,1844.73,1849.31,,
MICEXINDEXCF,2016-03-29,1849.11,1850.93,1825.99,1845.2,,
MICEXINDEXCF,2016-03-30,1853.35,1876.32,1847.78,1868.1,,
MICEXINDEXCF,2016-03-31,1865.1,1876.55,1851.35,1871.15,,
MICEXINDEXCF,2016-04-01,1860.53,1861.49,1833.61,1856.77,,
MICEXINDEXCF,2016-04-04,1854.37,1876.08,1853.54,1866.64,,
MICEXINDEXCF,2016-04-05,1859.51,1861.39,1847.62,1857.09,,
MICEXINDEXCF,2016-04-06,1863.3,1867.96,1850.83,1860.17,,
MICEXINDEXCF,2016-04-07,1865.97,1872.51,1848.19,1858.85,,
MICEXINDEXCF,2016-04-08,1860.93,1879.64,1857.44,1877.27,,
MICEXINDEXCF,2016-04-11,1875.74,1907.5,1872.5,1906.9,,
MICEXINDEXCF,2016-04-12,1907.56,1910.59,1889.02,1899.26,,
MICEXINDEXCF,2016-04-13,1903.47,1944.32,1903.47,1932.8,,
MICEXINDEXCF,2016-04-14,1929.87,1948.84,1902.64,1915.85,,
MICEXINDEXCF,2016-04-15,1914.19,1918.35,1899.29,1907.78,,
MICEXINDEXCF,2016-04-18,1888.97,1896.36,1867.61,1892.64,,
MICEXINDEXCF,2016-04-19,1895.28,1930.23,1892.96,1930.14,,
MICEXINDEXCF,2016-04-20,1923.94,1961.6,1922.41,1960.18,,
MICEXINDEXCF,2016-04-21,1971.75,1976.69,1931.66,1950.08,,
MICEXINDEXCF,2016-04-22,1952.33,1967.26,1936.72,1967.26,,
MICEXINDEXCF,2016-04-25,1962.67,1963.96,1944.94,1955.47,,
MICEXINDEXCF,2016-04-26,1953.86,1956.54,1931.08,1946.55,,
MICEXINDEXCF,2016-04-27,1951.51,1954.93,1921.58,1934.77,,
MICEXINDEXCF,2016-04-28,1936.05,1969.89,1925.27,1969.89,,
MICEXINDEXCF,2016-04-29,1970.46,1974.42,1941.25,1953.05,,
MICEXINDEXCF,2016-05-04,1932.92,1957.18,1901.85,1925.58,,
MICEXINDEXCF,2016-05-05,1924.28,1924.28,1902.66,1906.48,,
MICEXINDEXCF,2016-05-06,1905.15,1906.34,1889.96,1901.56,,
MICEXINDEXCF,2016-05-10,1896.02,1909.97,1874.5,1885.34,,
MICEXINDEXCF,2016-05-11,1890.09,1916.34,1885.67,1909.05,,
MICEXINDEXCF,2016-05-12,1912.43,1922.51,1900.08,1901.9,,
MICEXINDEXCF,2016-05-13,1901.51,1907.19,1881.41,1907.19,,
MICEXINDEXCF,2016-05-16,1912.16,1939.22,1909.18,1915.33,,
MICEXINDEXCF,2016-05-17,1913.25,1915.19,1876.69,1909,,
MICEXINDEXCF,2016-05-18,1907.15,1921.21,1899.12,1917.24,,
MICEXINDEXCF,2016-05-19,1907.71,1913.7,1891.52,1891.52,,
MICEXINDEXCF,2016-05-20,1901.27,1903.58,1882.16,1891.33,,
MICEXINDEXCF,2016-05-23,1889.11,1889.11,1861.64,1868.43,,
MICEXINDEXCF,2016-05-24,1868.7,1887.48,1868.7,1884.12,,
MICEXINDEXCF,2016-05-25,1889.42,1910.7,1889.42,1898.75,,
MICEXINDEXCF,2016-05-26,1905.81,1931.78,1895.63,1914.31,,
MICEXINDEXCF,2016-05-27,1913.18,1930.8,1910.11,1927.58,,
MICEXINDEXCF,2016-05-30,1931.07,1938.14,1918.76,1935.54,,
MICEXINDEXCF,2016-05-31,1937.13,1939.84,1899.01,1899.01,,
MICEXINDEXCF,2016-06-01,1899.14,1906.86,1888.88,1893.18,,
MICEXINDEXCF,2016-06-02,1895.27,1898.9,1876.58,1890.78,,
MICEXINDEXCF,2016-06-03,1896.95,1913.74,1877.89,1886.84,,
MICEXINDEXCF,2016-06-06,1893.05,1920.91,1893.05,1915.54,,
MICEXINDEXCF,2016-06-07,1917.96,1954.49,1914.56,1951.26,,
MICEXINDEXCF,2016-06-08,1953.75,1960.75,1937.62,1951.55,,
MICEXINDEXCF,2016-06-09,1951.8,1952.42,1927.72,1934.92,,
MICEXINDEXCF,2016-06-10,1926.91,1930.26,1903.61,1903.61,,
MICEXINDEXCF,2016-06-14,1898.21,1903.54,1875.27,1885.92,,
MICEXINDEXCF,2016-06-15,1883.94,1898.31,1880.55,1889.75,,
MICEXINDEXCF,2016-06-16,1884.22,1884.91,1853.36,1869.78,,
MICEXINDEXCF,2016-06-17,1875.96,1896.28,1871.88,1877.07,,
MICEXINDEXCF,2016-06-20,1889.26,1906.46,1889.26,1902.7,,
MICEXINDEXCF,2016-06-21,1902.44,1910.25,1884.64,1904.02,,
MICEXINDEXCF,2016-06-22,1908.06,1912.96,1892.16,1896.7,,
MICEXINDEXCF,2016-06-23,1894.16,1919.27,1883.18,1919.27,,
MICEXINDEXCF,2016-06-24,1865.48,1884.94,1846.91,1884.41,,
MICEXINDEXCF,2016-06-27,1883.76,1887.75,1841.73,1841.73,,
MICEXINDEXCF,2016-06-28,1850.75,1863.53,1844.8,1857.23,,
MICEXINDEXCF,2016-06-29,1862.25,1888.15,1862.25,1888.15,,
MICEXINDEXCF,2016-06-30,1886.47,1897.36,1879.33,1891.09,,
MICEXINDEXCF,2016-07-01,1891.03,1900.41,1880.63,1896.62,,
MICEXINDEXCF,2016-07-04,1899.35,1913.48,1896.4,1907.48,,
MICEXINDEXCF,2016-07-05,1904.03,1904.06,1887.05,1895.64,,
MICEXINDEXCF,2016-07-06,1892.26,1896.71,1871.47,1879.42,,
MICEXINDEXCF,2016-07-07,1887.12,1901.57,1878.47,1882.41,,
MICEXINDEXCF,2016-07-08,1873.49,1896.82,1860.55,1894.35,,
MICEXINDEXCF,2016-07-11,1891.05,1914.31,1887.1,1913.12,,
MICEXINDEXCF,2016-07-12,1913.84,1942.69,1911.91,1938.36,,
MICEXINDEXCF,2016-07-13,1937.35,1945.76,1928.5,1935.88,,
MICEXINDEXCF,2016-07-14,1938.54,1944.85,1921.75,1942.46,,
MICEXINDEXCF,2016-07-15,1931.66,1943.63,1928.57,1940.85,,
MICEXINDEXCF,2016-07-18,1937.77,1948.54,1920.18,1936.07,,
MICEXINDEXCF,2016-07-19,1921.12,1929.11,1903.1,1915.89,,
MICEXINDEXCF,2016-07-20,1915.49,1921.23,1896,1915.09,,
MICEXINDEXCF,2016-07-21,1920.01,1930.79,1911.87,1927.7,,
MICEXINDEXCF,2016-07-22,1923.8,1933.76,1922.85,1926.9,,
MICEXINDEXCF,2016-07-25,1929.93,1942.98,1922.22,1931.78,,
MICEXINDEXCF,2016-07-26,1932.54,1940.26,1917.96,1938.52,,
MICEXINDEXCF,2016-07-27,1938.64,1941.15,1928.32,1938.65,,
MICEXINDEXCF,2016-07-28,1938.01,1959.86,1932.63,1954.45,,
MICEXINDEXCF,2016-07-29,1952.82,1955.07,1939.28,1944.62,,
MICEXINDEXCF,2016-08-01,1950.49,1964.27,1941.58,1947.36,,
MICEXINDEXCF,2016-08-02,1946.31,1946.65,1908.89,1912.69,,
MICEXINDEXCF,2016-08-03,1913.14,1922.86,1902.74,1919.15,,
MICEXINDEXCF,2016-08-04,1924.97,1945.14,1924.97,1944.94,,
MICEXINDEXCF,2016-08-05,1946.66,1952.35,1931.01,1944.31,,
MICEXINDEXCF,2016-08-08,1948.51,1956.99,1947.22,1956.99,,
MICEXINDEXCF,2016-08-09,1954.05,1964.58,1948.89,1956.42,,
MICEXINDEXCF,2016-08-10,1956.33,1959.99,1940.63,1942.67,,
MICEXINDEXCF,2016-08-11,1941.32,1952.18,1933.27,1952.18,,
MICEXINDEXCF,2016-08-12,1955.16,1968.18,1952.56,1967.18,,
MICEXINDEXCF,2016-08-15,1969.96,1983.1,1964.84,1977.28,,
MICEXINDEXCF,2016-08-16,1977.76,1994.33,1967.37,1975.8,,
MICEXINDEXCF,2016-08-17,1971.49,1973.02,1959.44,1969.19,,
MICEXINDEXCF,2016-08-18,1971.26,1976.71,1961.35,1970.07,,
MICEXINDEXCF,2016-08-19,1972.89,1974.4,1959.72,1959.72,,
MICEXINDEXCF,2016-08-22,1956.46,1979.09,1948.35,1979.09,,
MICEXINDEXCF,2016-08-23,1976.07,1992.55,1973.43,1989.51,,
MICEXINDEXCF,2016-08-24,1988.08,1989.43,1974.89,1983.59,,
MICEXINDEXCF,2016-08-25,1983.22,1987.35,1969.53,1985.56,,
MICEXINDEXCF,2016-08-26,1984.68,1997.1,1976.87,1993.35,,
MICEXINDEXCF,2016-08-29,1985.99,1986.72,1970.53,1986.72,,
MICEXINDEXCF,2016-08-30,1989.03,1999.14,1983.84,1985.69,,
MICEXINDEXCF,2016-08-31,1985.84,1988.56,1966.88,1971.59,,
MICEXINDEXCF,2016-09-01,1976.26,1982.26,1969.48,1976.91,,
MICEXINDEXCF,2016-09-02,1978.16,2006.25,1976.62,2003.77,,
MICEXINDEXCF,2016-09-05,2008.69,2019.65,2005.42,2017.38,,
MICEXINDEXCF,2016-09-06,2020.77,2040.42,2017.5,2039.53,,
MICEXINDEXCF,2016-09-07,2042.21,2060.03,2042.12,2053.75,,
MICEXINDEXCF,2016-09-08,2058.73,2063.13,2041.01,2050.77,,
MICEXINDEXCF,2016-09-09,2044.93,2045.04,2028.25,2028.25,,
MICEXINDEXCF,2016-09-12,2017.08,2021.58,2004.43,2019.9,,
MICEXINDEXCF,2016-09-13,2020.6,2026.57,2001.34,2004.5,,
MICEXINDEXCF,2016-09-14,2003.74,2010.47,1995.7,2004.48,,
MICEXINDEXCF,2016-09-15,2003.2,2004.65,1982.95,1996.58,,
MICEXINDEXCF,2016-09-16,1998.14,2004.37,1967.31,1981.96,,
MICEXINDEXCF,2016-09-19,1984.46,1993.49,1981.39,1986.97,,
MICEXINDEXCF,2016-09-20,1984.97,1991.85,1969.41,1991.78,,
MICEXINDEXCF,2016-09-21,1995.13,2004.1,1988.64,1997.67,,
MICEXINDEXCF,2016-09-22,2007.12,2025.3,2001.07,2025.3,,
MICEXINDEXCF,2016-09-23,2022.28,2022.28,1995.14,2011.83,,
MICEXINDEXCF,2016-09-26,2003.48,2007.25,1993.33,1997.94,,
MICEXINDEXCF,2016-09-27,1999.93,1999.93,1975.52,1975.52,,
MICEXINDEXCF,2016-09-28,1977.35,1993.93,1975.84,1980.68,,
MICEXINDEXCF,2016-09-29,1996.99,2006.59,1994.88,1996.12,,
MICEXINDEXCF,2016-09-30,1989.43,1989.43,1975.23,1978,,
MICEXINDEXCF,2016-10-03,1981.02,1993.55,1975.74,1986.8,,
MICEXINDEXCF,2016-10-04,1987.61,1989.32,1975.96,1985.02,,
MICEXINDEXCF,2016-10-05,1985.05,1985.05,1962.14,1975.85,,
MICEXINDEXCF,2016-10-06,1975.26,1983.88,1967.75,1983.88,,
MICEXINDEXCF,2016-10-07,1985.04,1993.65,1974.89,1980.02,,
MICEXINDEXCF,2016-10-10,1981.11,2002.53,1977.43,2001.1,,
MICEXINDEXCF,2016-10-11,2000.46,2006.66,1995.93,2001.42,,
MICEXINDEXCF,2016-10-12,1999.6,2005.17,1986.7,1993.35,,
MICEXINDEXCF,2016-10-13,1990.39,1990.39,1970.86,1976.37,,
MICEXINDEXCF,2016-10-14,1976.34,1978.96,1962.35,1966.39,,
MICEXINDEXCF,2016-10-17,1964.66,1965.83,1954.81,1956.95,,
MICEXINDEXCF,2016-10-18,1958.28,1974.01,1958.28,1969.11,,
MICEXINDEXCF,2016-10-19,1971.9,1973.24,1961.39,1967.5,,
MICEXINDEXCF,2016-10-20,1967.52,1968.11,1956.61,1957.09,,
MICEXINDEXCF,2016-10-21,1957.63,1960.56,1946.78,1957.7,,
MICEXINDEXCF,2016-10-24,1960.97,1970.36,1957.65,1962.79,,
MICEXINDEXCF,2016-10-25,1965.63,1987.07,1962.24,1977.19,,
MICEXINDEXCF,2016-10-26,1975.36,1979.42,1967.87,1974.81,,
MICEXINDEXCF,2016-10-27,1975.16,1986.53,1973.27,1979.8,,
MICEXINDEXCF,2016-10-28,1979.87,1982.51,1975.48,1981.76,,
MICEXINDEXCF,2016-10-31,1984.24,1992.48,1976.29,1989.64,,
MICEXINDEXCF,2016-11-01,1991.7,2003.14,1991.7,1996.87,,
MICEXINDEXCF,2016-11-02,1989.37,1990.22,1966.35,1968.77,,
MICEXINDEXCF,2016-11-03,1970.97,1971.56,1957.53,1962.71,,
MICEXINDEXCF,2016-11-07,1964.59,1970.61,1952.69,1952.69,,
MICEXINDEXCF,2016-11-08,1959.79,1973.07,1959.79,1967.93,,
MICEXINDEXCF,2016-11-09,1941.89,2011.81,1939.66,2011.58,,
MICEXINDEXCF,2016-11-10,2017.69,2076.44,2016.96,2044.03,,
MICEXINDEXCF,2016-11-11,2045.22,2054.42,2031.92,2031.92,,
MICEXINDEXCF,2016-11-14,2034.97,2047.03,2017.22,2021.99,,
MICEXINDEXCF,2016-11-15,2025.01,2032.04,2009.34,2017.06,,
MICEXINDEXCF,2016-11-16,2024.71,2049.01,2022.89,2028.92,,
MICEXINDEXCF,2016-11-17,2029.85,2045.65,2029.3,2042.76,,
MICEXINDEXCF,2016-11-18,2042.23,2048.19,2036.29,2038.29,,
MICEXINDEXCF,2016-11-21,2044.2,2059.67,2044.2,2058.77,,
MICEXINDEXCF,2016-11-22,2062.98,2074.89,2057.7,2066.18,,
MICEXINDEXCF,2016-11-23,2069.18,2085.75,2068.61,2085.75,,
MICEXINDEXCF,2016-11-24,2086.56,2107.96,2086.56,2102.97,,
MICEXINDEXCF,2016-11-25,2101.47,2106.6,2088.4,2098.15,,
MICEXINDEXCF,2016-11-28,2098.33,2104.34,2086.36,2094.65,,
MICEXINDEXCF,2016-11-29,2092.13,2098,2082.71,2086.84,,
MICEXINDEXCF,2016-11-30,2087.81,2116.38,2085.84,2104.91,,
MICEXINDEXCF,2016-12-01,2110.69,2128.7,2110.69,2121.87,,
MICEXINDEXCF,2016-12-02,2121.12,2137.82,2114.91,2128.99,,
MICEXINDEXCF,2016-12-05,2126.93,2163.39,2126.93,2158.33,,
MICEXINDEXCF,2016-12-06,2158.33,2177.94,2151.07,2152.35,,
MICEXINDEXCF,2016-12-07,2154.02,2165.21,2148.54,2160.51,,
MICEXINDEXCF,2016-12-08,2168.4,2207.02,2167.93,2207.02,,
MICEXINDEXCF,2016-12-09,2211.29,2220.01,2197.49,2208.53,,
MICEXINDEXCF,2016-12-12,2219.13,2242.17,2210.06,2226.89,,
MICEXINDEXCF,2016-12-13,2225.74,2247.02,2215.7,2247.02,,
MICEXINDEXCF,2016-12-14,2248.22,2258.1,2215.11,2229.05,,
MICEXINDEXCF,2016-12-15,2217.16,2240.14,2202.35,2237.23,,
MICEXINDEXCF,2016-12-16,2239.08,2251.23,2229.3,2231.41,,
MICEXINDEXCF,2016-12-19,2233.99,2235.12,2215.69,2215.69,,
MICEXINDEXCF,2016-12-20,2215.31,2233.84,2207.39,2226.36,,
MICEXINDEXCF,2016-12-21,2227.31,2237.6,2210.73,2212.33,,
MICEXINDEXCF,2016-12-22,2203.8,2203.8,2172.37,2174.64,,
MICEXINDEXCF,2016-12-23,2173.62,2188.99,2159.51,2173.18,,
MICEXINDEXCF,2016-12-26,2172.86,2186.02,2172.26,2177.86,,
MICEXINDEXCF,2016-12-27,2173.8,2190.91,2173.8,2189.43,,
MICEXINDEXCF,2016-12-28,2191.17,2201.21,2182.98,2182.98,,
MICEXINDEXCF,2016-12-29,2182.3,2210.49,2169.43,2206.33,,
MICEXINDEXCF,2016-12-30,2206.04,2232.72,2206.04,2232.72,,
MICEXINDEXCF,2017-01-03,2231.52,2293.99,2231.52,2285.43,,
MICEXINDEXCF,2017-01-04,2284.61,2284.61,2251.75,2263.9,,
MICEXINDEXCF,2017-01-05,2265.72,2270.94,2213.45,2220.35,,
MICEXINDEXCF,2017-01-06,2221.36,2230.41,2195.44,2213.93,,
MICEXINDEXCF,2017-01-09,2217.74,2227.88,2201.6,2211.25,,
MICEXINDEXCF,2017-01-10,2209.53,2237.88,2205.87,2237.49,,
MICEXINDEXCF,2017-01-11,2233.62,2239.87,2211.16,2218.61,,
MICEXINDEXCF,2017-01-12,2224.02,2228.55,2205.55,2212,,
MICEXINDEXCF,2017-01-13,2214.24,2217.47,2173.39,2195.19,,
MICEXINDEXCF,2017-01-16,2195.67,2202.39,2180.78,2189.07,,
MICEXINDEXCF,2017-01-17,2189.95,2195.36,2167.88,2178.73,,
MICEXINDEXCF,2017-01-18,2180.64,2190,2165.32,2170.09,,
MICEXINDEXCF,2017-01-19,2171.45,2178.22,2151.43,2162.25,,
MICEXINDEXCF,2017-01-20,2162.71,2165.88,2147.19,2159.96,,
MICEXINDEXCF,2017-01-23,2160.13,2160.13,2136.35,2146.09,,
MICEXINDEXCF,2017-01-24,2147.51,2174.59,2147.51,2174.59,,
MICEXINDEXCF,2017-01-25,2175.4,2178.92,2163.55,2176,,
MICEXINDEXCF,2017-01-26,2179.34,2230.77,2179.34,2229.2,,
MICEXINDEXCF,2017-01-27,2226.87,2266.05,2219.67,2266.05,,
MICEXINDEXCF,2017-01-30,2263.63,2263.63,2231.4,2234.14,,
MICEXINDEXCF,2017-01-31,2233.66,2240.57,2215.79,2217.39,,
MICEXINDEXCF,2017-02-01,2219.19,2231.68,2214,2231.68,,
MICEXINDEXCF,2017-02-02,2231.66,2236.8,2210.14,2217.56,,
MICEXINDEXCF,2017-02-03,2219.49,2228.05,2213.22,2226.61,,
MICEXINDEXCF,2017-02-06,2228.85,2230.86,2202.2,2210.51,,
MICEXINDEXCF,2017-02-07,2210.87,2218.77,2201.22,2218.77,,
MICEXINDEXCF,2017-02-08,2215.34,2217.37,2180.21,2189.61,,
MICEXINDEXCF,2017-02-09,2192.24,2196.08,2160.42,2173.98,,
MICEXINDEXCF,2017-02-10,2176.79,2182.18,2156.81,2162.19,,
MICEXINDEXCF,2017-02-13,2165.12,2174.73,2150.52,2161.49,,
MICEXINDEXCF,2017-02-14,2162.13,2162.13,2135.01,2141.5,,
MICEXINDEXCF,2017-02-15,2140.2,2156.36,2109.93,2137.08,,
MICEXINDEXCF,2017-02-16,2138.7,2148.48,2127.04,2148.48,,
MICEXINDEXCF,2017-02-17,2148.58,2148.84,2125.45,2128.21,,
MICEXINDEXCF,2017-02-20,2132.47,2136.8,2113.03,2119.09,,
MICEXINDEXCF,2017-02-21,2118.85,2135.97,2111.55,2127.72,,
MICEXINDEXCF,2017-02-22,2128.98,2130.8,2094.85,2106.3,,
MICEXINDEXCF,2017-02-24,2106.96,2106.96,2081.35,2093.09,,
MICEXINDEXCF,2017-02-27,2095.51,2097.2,2054.93,2056.46,,
MICEXINDEXCF,2017-02-28,2057.74,2057.77,2027.05,2035.77,,
MICEXINDEXCF,2017-03-01,2034.28,2063.67,2030.49,2059.87,,
MICEXINDEXCF,2017-03-02,2062.61,2076.71,2044.25,2049,,
MICEXINDEXCF,2017-03-03,2046.61,2056.89,2032.27,2056.89,,
MICEXINDEXCF,2017-03-06,2056.63,2071.69,2045.28,2047.42,,
MICEXINDEXCF,2017-03-07,2047.59,2048.98,2009,2024.84,,
MICEXINDEXCF,2017-03-09,2010.85,2020.04,1971.73,1974.24,,
MICEXINDEXCF,2017-03-10,1977.75,1989.06,1965.23,1973.96,,
MICEXINDEXCF,2017-03-13,1972.66,2001.71,1968.61,2000.14,,
MICEXINDEXCF,2017-03-14,2001.4,2018.42,1990.55,2001.25,,
MICEXINDEXCF,2017-03-15,2003.09,2018.39,1989.12,1992.59,,
MICEXINDEXCF,2017-03-16,2001.82,2021.05,1998.24,2014.37,,
MICEXINDEXCF,2017-03-17,2015.59,2045.85,2013.82,2036.96,,
MICEXINDEXCF,2017-03-20,2038.99,2051.5,2024.85,2042.72,,
MICEXINDEXCF,2017-03-21,2045.19,2067.4,2040.55,2048.07,,
MICEXINDEXCF,2017-03-22,2042.65,2061.53,2030.55,2061.53,,
MICEXINDEXCF,2017-03-23,2065.37,2072.91,2040.18,2051.04,,
MICEXINDEXCF,2017-03-24,2047.78,2052.9,2036.3,2039.77,,
MICEXINDEXCF,2017-03-27,2034.1,2034.1,1997.92,2013.16,,
MICEXINDEXCF,2017-03-28,2016.95,2032.54,2010.92,2032.54,,
MICEXINDEXCF,2017-03-29,2032.49,2037.58,2013.13,2023.71,,
MICEXINDEXCF,2017-03-30,2025,2026.94,2012.07,2021.88,,
MICEXINDEXCF,2017-03-31,2021.16,2022.24,1992.95,1995.9,,
MICEXINDEXCF,2017-04-03,1998.55,2014.18,1992.67,2008.61,,
MICEXINDEXCF,2017-04-04,2007.9,2028.01,2005.61,2025.69,,
MICEXINDEXCF,2017-04-05,2028.71,2057.03,2028.12,2056.32,,
MICEXINDEXCF,2017-04-06,2052.05,2058.11,2043.42,2054.69,,
MICEXINDEXCF,2017-04-07,2046.78,2048.63,2010.92,2020.23,,
MICEXINDEXCF,2017-04-10,2017.75,2018.03,1965.58,1971.23,,
MICEXINDEXCF,2017-04-11,1969.12,1994.26,1965.8,1977.95,,
MICEXINDEXCF,2017-04-12,1985.69,1986.56,1942.58,1947.88,,
MICEXINDEXCF,2017-04-13,1954.39,1954.81,1916.67,1944.7,,
MICEXINDEXCF,2017-04-14,1943.65,1943.65,1913.71,1916.29,,
MICEXINDEXCF,2017-04-17,1917.13,1944.93,1902.48,1942.72,,
MICEXINDEXCF,2017-04-18,1944.28,1949.52,1914.44,1920.29,,
MICEXINDEXCF,2017-04-19,1920.19,1932.81,1911.35,1916.5,,
MICEXINDEXCF,2017-04-20,1912.7,1932.25,1900.72,1932.17,,
MICEXINDEXCF,2017-04-21,1932.82,1955.43,1932.82,1944.72,,
MICEXINDEXCF,2017-04-24,1954.31,1979.76,1954.31,1979.57,,
MICEXINDEXCF,2017-04-25,1983.23,2002.37,1969.04,1998.41,,
MICEXINDEXCF,2017-04-26,2000.8,2031.08,1994.52,2026.92,,
MICEXINDEXCF,2017-04-27,2024.49,2024.49,2005.35,2011.67,,
MICEXINDEXCF,2017-04-28,2021.74,2031.06,2011.02,2016.71,,
MICEXINDEXCF,2017-05-02,2022.19,2044.24,2020.55,2026.85,,
MICEXINDEXCF,2017-05-03,2024.4,2027.65,1992.33,1993.66,,
MICEXINDEXCF,2017-05-04,1994.16,2015.61,1989.44,1998.87,,
MICEXINDEXCF,2017-05-05,1989.88,2002.41,1982.97,2002.41,,
MICEXINDEXCF,2017-05-10,2012.84,2028.21,2005.4,2028.21,,
MICEXINDEXCF,2017-05-11,2028.26,2028.58,1991.81,2002.54,,
MICEXINDEXCF,2017-05-12,2003.92,2004.03,1983.83,1994.58,,
MICEXINDEXCF,2017-05-15,1995.6,2008.11,1984.06,2003.12,,
MICEXINDEXCF,2017-05-16,2000.2,2002.25,1987.21,1992.94,,
MICEXINDEXCF,2017-05-17,1989.02,1999.56,1982.97,1994.35,,
MICEXINDEXCF,2017-05-18,1989.05,1996.85,1961.2,1967.66,,
MICEXINDEXCF,2017-05-19,1969.73,1977.03,1954.32,1962.4,,
MICEXINDEXCF,2017-05-22,1966.66,1966.66,1941.78,1950.51,,
MICEXINDEXCF,2017-05-23,1950.27,1966.19,1945.5,1960.16,,
MICEXINDEXCF,2017-05-24,1958.22,1965.95,1936.99,1951.98,,
MICEXINDEXCF,2017-05-25,1955.83,1960.95,1939.97,1947.26,,
MICEXINDEXCF,2017-05-26,1944.16,1945.03,1930.76,1934.25,,
MICEXINDEXCF,2017-05-29,1934.66,1945.82,1931.45,1940.77,,
MICEXINDEXCF,2017-05-30,1938.06,1939.74,1927.28,1932.91,,
MICEXINDEXCF,2017-05-31,1934.03,1936.65,1893.39,1900.38,,
MICEXINDEXCF,2017-06-01,1900.89,1904.82,1862.6,1869.66,,
MICEXINDEXCF,2017-06-02,1868.75,1881.97,1849.57,1881.87,,
MICEXINDEXCF,2017-06-05,1882.83,1894.5,1871.29,1877.69,,
MICEXINDEXCF,2017-06-06,1877.36,1882.94,1867.88,1870.04,,
MICEXINDEXCF,2017-06-07,1870.69,1889.45,1867.97,1868.42,,
MICEXINDEXCF,2017-06-08,1869.49,1874.45,1851.63,1874.21,,
MICEXINDEXCF,2017-06-09,1873.26,1888.92,1866.3,1883.34,,
MICEXINDEXCF,2017-06-13,1871.07,1871.29,1857.26,1861.27,,
MICEXINDEXCF,2017-06-14,1861.5,1862.3,1834.51,1838.32,,
MICEXINDEXCF,2017-06-15,1833.42,1833.42,1774.56,1817.82,,
MICEXINDEXCF,2017-06-16,1818.87,1833.7,1811.45,1822.91,,
MICEXINDEXCF,2017-06-19,1820.83,1851.7,1820.11,1849.78,,
MICEXINDEXCF,2017-06-20,1850.38,1870.56,1846.7,1857.96,,
MICEXINDEXCF,2017-06-21,1858.24,1861.03,1844.06,1850.81,,
MICEXINDEXCF,2017-06-22,1842.62,1863.42,1836.02,1860.05,,
MICEXINDEXCF,2017-06-23,1859.63,1876.36,1850.22,1867.46,,
MICEXINDEXCF,2017-06-26,1870.33,1880.11,1857.03,1860.39,,
MICEXINDEXCF,2017-06-27,1857.24,1884.41,1849.42,1878.94,,
MICEXINDEXCF,2017-06-28,1877.04,1893.65,1864.88,1891.98,,
MICEXINDEXCF,2017-06-29,1896.12,1902.8,1877.13,1881.04,,
MICEXINDEXCF,2017-06-30,1879.16,1895.98,1877.57,1879.5,,
MICEXINDEXCF,2017-07-03,1886.72,1902.59,1881.98,1902.59,,
MICEXINDEXCF,2017-07-04,1902.64,1919.23,1899.17,1917.4,,
MICEXINDEXCF,2017-07-05,1917.36,1924.53,1912.31,1921.38,,
MICEXINDEXCF,2017-07-06,1920.59,1929.43,1911.96,1923.22,,
MICEXINDEXCF,2017-07-07,1906.72,1914.29,1897.87,1912.48,,
MICEXINDEXCF,2017-07-10,1912.76,1928.1,1908.99,1925.74,,
MICEXINDEXCF,2017-07-11,1927.34,1938.11,1919.19,1937.64,,
MICEXINDEXCF,2017-07-12,1938.36,1957.02,1938.36,1954.39,,
MICEXINDEXCF,2017-07-13,1951.66,1963.37,1946.61,1959.91,,
MICEXINDEXCF,2017-07-14,1959.86,1967.6,1955.09,1960.69,,
MICEXINDEXCF,2017-07-17,1963.29,1972.49,1949.55,1959.11,,
MICEXINDEXCF,2017-07-18,1956.56,1966.86,1944.81,1947.71,,
MICEXINDEXCF,2017-07-19,1929.67,1951.89,1925.7,1951.89,,
MICEXINDEXCF,2017-07-20,1952.1,1959.33,1941.38,1946.51,,
MICEXINDEXCF,2017-07-21,1946.19,1946.19,1921,1925.13,,
MICEXINDEXCF,2017-07-24,1921.52,1934.25,1914.6,1931.75,,
MICEXINDEXCF,2017-07-25,1931.92,1936.25,1913.24,1923.73,,
MICEXINDEXCF,2017-07-26,1928.13,1938.56,1923.9,1933.1,,
MICEXINDEXCF,2017-07-27,1935.12,1945.12,1935.12,1945.12,,
MICEXINDEXCF,2017-07-28,1940.79,1940.79,1904.26,1916.75,,
MICEXINDEXCF,2017-07-31,1917.34,1930.27,1904.56,1919.53,,
MICEXINDEXCF,2017-08-01,1924.77,1948.62,1924.77,1940.14,,
MICEXINDEXCF,2017-08-02,1940.95,1966.97,1940.77,1965.48,,
MICEXINDEXCF,2017-08-03,1965.56,1976.36,1961.38,1965.29,,
MICEXINDEXCF,2017-08-04,1962.46,1962.46,1950.57,1953.49,,
MICEXINDEXCF,2017-08-07,1953.62,1970.96,1953.62,1970.37,,
MICEXINDEXCF,2017-08-08,1970.3,1989.77,1969.75,1989.61,,
MICEXINDEXCF,2017-08-09,1985.31,1987.95,1973.08,1975.91,,
MICEXINDEXCF,2017-08-10,1977.15,1983.74,1959.05,1960.23,,
MICEXINDEXCF,2017-08-11,1953.56,1953.56,1933.69,1944.83,,
MICEXINDEXCF,2017-08-14,1947.69,1960.38,1946.67,1951.75,,
MICEXINDEXCF,2017-08-15,1950.42,1952.6,1938.58,1950.28,,
MICEXINDEXCF,2017-08-16,1952.11,1957.62,1941.07,1942.88,,
MICEXINDEXCF,2017-08-17,1941.55,1947.95,1936.95,1941.52,,
MICEXINDEXCF,2017-08-18,1937.51,1937.51,1921.34,1930.71,,
MICEXINDEXCF,2017-08-21,1932.25,1943.78,1932.25,1937.66,,
MICEXINDEXCF,2017-08-22,1939.95,1948.28,1938.9,1947.4,,
MICEXINDEXCF,2017-08-23,1947.77,1958.58,1944.3,1958.52,,
MICEXINDEXCF,2017-08-24,1958.83,1973.5,1958.83,1973.5,,
MICEXINDEXCF,2017-08-25,1973.44,1981.79,1973.39,1979.14,,
MICEXINDEXCF,2017-08-28,1978.79,1987.23,1972.76,1987.15,,
MICEXINDEXCF,2017-08-29,1986.1,1989.12,1967.11,1989.12,,
MICEXINDEXCF,2017-08-30,1993,2009.29,1988.78,2008.88,,
MICEXINDEXCF,2017-08-31,2006.07,2030.86,2001.66,2022.22,,
MICEXINDEXCF,2017-09-01,2021.93,2030.37,2008.49,2010.98,,
MICEXINDEXCF,2017-09-04,2005.08,2012.29,1999.84,2003.32,,
MICEXINDEXCF,2017-09-05,2005.23,2014.03,1995.94,2004.02,,
MICEXINDEXCF,2017-09-06,2001.97,2015.63,1992.68,2014.6,,
MICEXINDEXCF,2017-09-07,2017.52,2025.37,2010.17,2010.17,,
MICEXINDEXCF,2017-09-08,2010.55,2037.48,2010.55,2032.75,,
MICEXINDEXCF,2017-09-11,2038.78,2049.07,2032.92,2044.13,,
MICEXINDEXCF,2017-09-12,2045.85,2059.96,2044.07,2058.8,,
MICEXINDEXCF,2017-09-13,2059.4,2072.96,2054.19,2054.19,,
MICEXINDEXCF,2017-09-14,2054.66,2055.93,2036.22,2052.25,,
MICEXINDEXCF,2017-09-15,2051.47,2061.6,2041.28,2053.81,,
MICEXINDEXCF,2017-09-18,2055.41,2062.75,2053.6,2059.08,,
MICEXINDEXCF,2017-09-19,2057.36,2059.16,2046.61,2048.99,,
MICEXINDEXCF,2017-09-20,2048.86,2058.08,2044.23,2057.53,,
MICEXINDEXCF,2017-09-21,2056.27,2066.41,2051.68,2060.24,,
MICEXINDEXCF,2017-09-22,2059.01,2059.01,2046.35,2051.63,,
MICEXINDEXCF,2017-09-25,2050.52,2070.82,2046.01,2069.11,,
MICEXINDEXCF,2017-09-26,2071.62,2086.65,2070.49,2071.13,,
MICEXINDEXCF,2017-09-27,2072.27,2085.14,2065.79,2081.12,,
MICEXINDEXCF,2017-09-28,2080.73,2084.39,2068.54,2071.64,,
MICEXINDEXCF,2017-09-29,2071.33,2077.28,2068.39,2077.19,,
MICEXINDEXCF,2017-10-02,2077.16,2083.43,2072.72,2075.72,,
MICEXINDEXCF,2017-10-03,2076.53,2084.03,2072.83,2076.81,,
MICEXINDEXCF,2017-10-04,2076.5,2080.05,2068.73,2077.09,,
MICEXINDEXCF,2017-10-05,2076.78,2088.64,2071.19,2088.32,,
MICEXINDEXCF,2017-10-06,2089.39,2103.05,2089.39,2093.86,,
MICEXINDEXCF,2017-10-09,2094.16,2100.29,2086.74,2096.29,,
MICEXINDEXCF,2017-10-10,2096.35,2096.35,2084.49,2086.91,,
MICEXINDEXCF,2017-10-11,2087.47,2103.29,2087.07,2101.07,,
MICEXINDEXCF,2017-10-12,2101.33,2101.33,2090.86,2094.96,,
MICEXINDEXCF,2017-10-13,2094.94,2105.64,2092.4,2098.77,,
MICEXINDEXCF,2017-10-16,2102.25,2106.39,2098.07,2106.39,,
MICEXINDEXCF,2017-10-17,2105.74,2106.49,2086.41,2092.57,,
MICEXINDEXCF,2017-10-18,2091.4,2101.35,2086.45,2094.4,,
MICEXINDEXCF,2017-10-19,2094.56,2099.66,2071.6,2072.73,,
MICEXINDEXCF,2017-10-20,2076.29,2079.64,2067.91,2071.83,,
MICEXINDEXCF,2017-10-23,2073.55,2078.59,2060.43,2063.81,,
MICEXINDEXCF,2017-10-24,2064.07,2066.21,2057.69,2061.79,,
MICEXINDEXCF,2017-10-25,2063.2,2073.44,2048.78,2049.48,,
MICEXINDEXCF,2017-10-26,2049.66,2053.53,2038.26,2046.69,,
MICEXINDEXCF,2017-10-27,2050.35,2068.76,2050.35,2068.76,,
MICEXINDEXCF,2017-10-30,2069.45,2076.96,2064.74,2065.25,,
MICEXINDEXCF,2017-10-31,2066.1,2079.28,2064.31,2064.31,,
MICEXINDEXCF,2017-11-01,2070.68,2089.83,2068.26,2082.73,,
MICEXINDEXCF,2017-11-02,2080.53,2080.53,2065.69,2073.04,,
MICEXINDEXCF,2017-11-03,2073.17,2096.04,2073.17,2081.15,,
MICEXINDEXCF,2017-11-07,2092.78,2155.55,2092.78,2155.55,,
MICEXINDEXCF,2017-11-08,2155.21,2178.42,2144.98,2163.01,,
MICEXINDEXCF,2017-11-09,2162,2183.61,2156.48,2183.61,,
MICEXINDEXCF,2017-11-10,2184.64,2190.56,2166.68,2169.26,,
MICEXINDEXCF,2017-11-13,2169.85,2191.71,2167.63,2167.63,,
MICEXINDEXCF,2017-11-14,2166.11,2185.56,2166.11,2166.83,,
MICEXINDEXCF,2017-11-15,2159.83,2162.41,2131.75,2131.75,,
MICEXINDEXCF,2017-11-16,2135.18,2147.83,2112.2,2132.65,,
MICEXINDEXCF,2017-11-17,2135.58,2139.43,2127.95,2131.91,,
MICEXINDEXCF,2017-11-20,2132.4,2139.91,2123.76,2130.39,,
MICEXINDEXCF,2017-11-21,2132.5,2155.82,2132.5,2155.82,,
MICEXINDEXCF,2017-11-22,2158.33,2168.01,2151.3,2160.16,,
MICEXINDEXCF,2017-11-23,2159.88,2160.64,2143.06,2148.56,,
MICEXINDEXCF,2017-11-24,2148.59,2163.61,2144.62,2161.17,,
MICEXINDEXCF,2017-11-27,2159.02,2164.32,2139.12,2145.87,,
MICEXINDEXCF,2017-11-28,2144.53,2149.45,2126.06,2149.45,,
MICEXINDEXCF,2017-11-29,2148.95,2150.88,2120.24,2124.08,,
MICEXINDEXCF,2017-11-30,2121.93,2123.18,2092.2,2100.62,,
MICEXINDEXCF,2017-12-01,2102.54,2109.33,2091.89,2105.99,,
MICEXINDEXCF,2017-12-04,2104.9,2123.08,2087.37,2119.42,,
MICEXINDEXCF,2017-12-05,2117.7,2117.7,2099.77,2113.69,,
MICEXINDEXCF,2017-12-06,2110.8,2126.16,2102.9,2124.12,,
MICEXINDEXCF,2017-12-07,2120.8,2120.83,2100.87,2103.15,,
MICEXINDEXCF,2017-12-08,2106.38,2118.71,2097.29,2104.99,,
MICEXINDEXCF,2017-12-11,2104.62,2148.6,2104.62,2148.6,,
MICEXINDEXCF,2017-12-12,2151.96,2160.75,2142.06,2160.75,,
MICEXINDEXCF,2017-12-13,2152.39,2158.25,2127.1,2131.94,,
MICEXINDEXCF,2017-12-14,2132.54,2152.41,2127.74,2152.41,,
MICEXINDEXCF,2017-12-15,2151.23,2151.23,2135.85,2143.99,,
MICEXINDEXCF,2017-12-18,2144.92,2155.92,2122.05,2134.58,,
MICEXINDEXCF,2017-12-19,2133.93,2139.27,2112.99,2118.16,,
MICEXINDEXCF,2017-12-20,2116.97,2120.57,2101.93,2102.97,,
MICEXINDEXCF,2017-12-21,2101.23,2103.62,2082.29,2093.38,,
MICEXINDEXCF,2017-12-22,2095.56,2109.44,2089.6,2102.94,,
MICEXINDEXCF,2017-12-25,2109.38,2115.68,2100.76,2105.06,,
MICEXINDEXCF,2017-12-26,2105.51,2107.48,2086.61,2097.03,,
MICEXINDEXCF,2017-12-27,2099.09,2108.74,2091.94,2106.17,,
MICEXINDEXCF,2017-12-28,2105.98,2106.25,2088.67,2102.89,,
MICEXINDEXCF,2017-12-29,2102.81,2110.9,2091.93,2109.74,,
MICEXINDEXCF,2018-01-03,2111.24,2152.97,2111.24,2152.97,,
MICEXINDEXCF,2018-01-04,2153.87,2197.6,2153.87,2197.6,,
MICEXINDEXCF,2018-01-05,2196.69,2207.41,2188.35,2207.41,,
MICEXINDEXCF,2018-01-09,2211.4,2242.87,2211.4,2225.39,,
MICEXINDEXCF,2018-01-10,2227.33,2233.63,2213.77,2232.27,,
MICEXINDEXCF,2018-01-11,2232.19,2246.82,2221.61,2246.45,,
MICEXINDEXCF,2018-01-12,2245.7,2262.38,2234.42,2262.38,,
MICEXINDEXCF,2018-01-15,2268.01,2280.17,2259.66,2261.53,,
MICEXINDEXCF,2018-01-16,2262.09,2265.64,2232.92,2257.89,,
MICEXINDEXCF,2018-01-17,2250.71,2277.89,2231.7,2277.89,,
MICEXINDEXCF,2018-01-18,2279.34,2299.64,2279.34,2297.47,,
MICEXINDEXCF,2018-01-19,2298.07,2306.79,2273.24,2286.33,,
MICEXINDEXCF,2018-01-22,2286.04,2308.61,2285.32,2308.61,,
MICEXINDEXCF,2018-01-23,2311.99,2315.77,2281.52,2298.95,,
MICEXINDEXCF,2018-01-24,2297.69,2306.99,2283.2,2306.99,,
MICEXINDEXCF,2018-01-25,2311.56,2328.48,2307.62,2320.03,,
MICEXINDEXCF,2018-01-26,2317.15,2317.15,2281.71,2295.26,,
MICEXINDEXCF,2018-01-29,2295.34,2303.49,2280.92,2284.27,,
