TICKER;PER;DATE;TIME;OPEN;HIGH;LOW;CLOSE;VOL
NYMEX.NG;W;20020603;000000;3.1500000;3.2200000;3.1200000;3.1350000;0
NYMEX.NG;W;20020610;000000;3.1000000;3.4700000;3.0500000;3.3770000;0
NYMEX.NG;W;20020617;000000;3.3250000;3.5200000;3.1600000;3.5150000;0
NYMEX.NG;W;20020624;000000;3.4850000;3.5400000;3.1850000;3.1920000;0
NYMEX.NG;W;20020701;000000;3.1700000;3.1900000;2.9300000;2.9390000;0
NYMEX.NG;W;20020708;000000;2.9700000;3.0800000;2.7050000;2.7840000;0
NYMEX.NG;W;20020715;000000;2.8600000;3.0200000;2.7800000;2.9470000;0
NYMEX.NG;W;20020722;000000;2.9300000;3.0990000;2.8000000;2.9050000;0
NYMEX.NG;W;20020729;000000;2.9300000;3.0400000;2.6700000;2.6700000;0
NYMEX.NG;W;20020805;000000;2.7200000;2.9800000;2.6400000;2.9650000;0
NYMEX.NG;W;20020812;000000;2.9300000;3.2800000;2.8770000;3.2900000;0
NYMEX.NG;W;20020819;000000;3.2400000;3.6900000;3.1300000;3.6750000;0
NYMEX.NG;W;20020826;000000;3.5850000;3.7070000;3.1750000;3.2960000;0
NYMEX.NG;W;20020902;000000;3.1800000;3.4450000;3.1000000;3.3990000;0
NYMEX.NG;W;20020909;000000;3.4100000;3.5300000;3.1900000;3.5070000;0
NYMEX.NG;W;20020916;000000;3.4450000;3.9900000;3.3850000;3.9780000;0
NYMEX.NG;W;20020923;000000;4.1100000;4.2200000;3.7300000;4.1400000;0
NYMEX.NG;W;20020930;000000;4.1900000;4.2500000;3.6700000;3.7400000;0
NYMEX.NG;W;20021007;000000;3.8100000;4.3200000;3.7450000;4.3030000;0
NYMEX.NG;W;20021014;000000;4.2250000;4.4200000;4.1100000;4.1570000;0
NYMEX.NG;W;20021021;000000;4.2200000;4.3600000;4.0750000;4.1880000;0
NYMEX.NG;W;20021028;000000;4.2800000;4.4400000;4.0350000;4.0600000;0
NYMEX.NG;W;20021104;000000;3.9400000;4.0300000;3.7900000;3.9030000;0
NYMEX.NG;W;20021111;000000;3.8150000;4.0300000;3.7400000;3.9810000;0
NYMEX.NG;W;20021118;000000;4.1600000;4.4400000;4.1350000;4.3570000;0
NYMEX.NG;W;20021125;000000;4.4100000;4.4450000;4.1800000;4.2000000;0
NYMEX.NG;W;20021202;000000;4.1850000;4.4300000;4.1600000;4.3830000;0
NYMEX.NG;W;20021209;000000;4.3000000;5.5600000;4.2900000;5.2840000;0
NYMEX.NG;W;20021216;000000;5.3350000;5.4900000;5.0200000;5.1950000;0
NYMEX.NG;W;20021223;000000;5.1300000;5.2050000;4.8500000;5.0100000;0
NYMEX.NG;W;20021230;000000;5.0200000;5.4200000;4.6900000;5.3440000;0
NYMEX.NG;W;20030106;000000;5.0750000;5.3200000;4.8500000;5.1430000;0
NYMEX.NG;W;20030113;000000;5.2700000;5.7000000;5.0650000;5.5360000;0
NYMEX.NG;W;20030120;000000;5.4300000;5.8500000;5.3400000;5.5240000;0
NYMEX.NG;W;20030127;000000;5.5300000;5.7500000;5.2700000;5.6050000;0
NYMEX.NG;W;20030203;000000;5.5000000;6.0700000;5.4850000;6.0430000;0
NYMEX.NG;W;20030210;000000;5.9750000;6.0700000;5.6500000;5.8510000;0
NYMEX.NG;W;20030217;000000;5.9300000;6.7000000;5.8750000;6.6100000;0
NYMEX.NG;W;20030224;000000;7.0100000;9.2000000;6.3000000;8.1010000;0
NYMEX.NG;W;20030303;000000;7.5000000;7.6000000;6.6900000;6.9750000;0
NYMEX.NG;W;20030310;000000;6.6000000;6.9000000;5.0800000;5.4290000;0
NYMEX.NG;W;20030317;000000;5.4700000;5.6400000;5.1000000;5.1200000;0
NYMEX.NG;W;20030324;000000;5.2100000;5.3500000;4.9900000;5.0600000;0
NYMEX.NG;W;20030331;000000;5.0500000;5.2500000;4.8800000;5.1340000;0
NYMEX.NG;W;20030407;000000;5.1600000;5.6200000;5.0400000;5.5520000;0
NYMEX.NG;W;20030414;000000;5.5800000;5.8500000;5.4900000;5.7130000;0
NYMEX.NG;W;20030421;000000;5.6400000;5.7150000;5.1600000;5.1900000;0
NYMEX.NG;W;20030428;000000;5.2200000;5.7100000;5.1450000;5.7150000;0
NYMEX.NG;W;20030505;000000;5.6100000;6.1100000;5.4600000;5.9830000;0
NYMEX.NG;W;20030512;000000;5.9890000;6.4400000;5.9400000;6.0150000;0
NYMEX.NG;W;20030519;000000;5.9500000;6.3300000;5.9000000;6.1190000;0
NYMEX.NG;W;20030526;000000;6.1760000;6.4900000;5.8500000;6.4120000;0
NYMEX.NG;W;20030602;000000;6.3250000;6.6300000;6.2100000;6.3140000;0
NYMEX.NG;W;20030609;000000;6.2600000;6.3600000;5.4800000;5.7060000;0
NYMEX.NG;W;20030616;000000;5.7400000;6.1200000;5.4600000;5.8630000;0
NYMEX.NG;W;20030623;000000;5.9400000;6.0000000;5.3000000;5.4110000;0
NYMEX.NG;W;20030630;000000;5.3250000;5.4100000;5.0800000;5.3810000;0
NYMEX.NG;W;20030707;000000;5.3900000;5.6100000;5.0100000;5.1020000;0
NYMEX.NG;W;20030714;000000;5.1100000;5.2000000;4.6500000;5.1070000;0
NYMEX.NG;W;20030721;000000;5.0000000;5.0400000;4.6000000;4.6650000;0
NYMEX.NG;W;20030728;000000;4.6800000;4.8950000;4.5800000;4.6300000;0
NYMEX.NG;W;20030804;000000;4.7000000;5.2300000;4.6500000;5.1290000;0
NYMEX.NG;W;20030811;000000;5.0950000;5.2600000;4.7700000;4.8830000;0
NYMEX.NG;W;20030818;000000;4.9600000;5.3700000;4.8700000;5.1310000;0
NYMEX.NG;W;20030825;000000;5.0100000;5.0800000;4.6500000;4.7310000;0
NYMEX.NG;W;20030901;000000;4.7000000;4.8850000;4.5500000;4.6610000;0
NYMEX.NG;W;20030908;000000;4.6900000;4.9800000;4.6200000;4.6850000;0
NYMEX.NG;W;20030915;000000;4.6900000;4.7600000;4.3900000;4.4940000;0
NYMEX.NG;W;20030922;000000;4.5500000;4.9400000;4.4900000;4.8950000;0
NYMEX.NG;W;20030929;000000;4.8900000;4.9800000;4.5650000;4.9040000;0
NYMEX.NG;W;20031006;000000;4.9300000;5.8000000;4.9200000;5.5470000;0
NYMEX.NG;W;20031013;000000;5.5350000;5.7200000;4.7400000;4.7720000;0
NYMEX.NG;W;20031020;000000;4.9000000;5.0200000;4.7500000;4.7860000;0
NYMEX.NG;W;20031027;000000;4.8500000;4.9400000;4.6400000;4.8930000;0
NYMEX.NG;W;20031103;000000;4.9750000;5.0200000;4.5850000;4.7060000;0
NYMEX.NG;W;20031110;000000;4.7200000;5.2200000;4.6000000;5.1120000;0
NYMEX.NG;W;20031117;000000;5.0710000;5.0750000;4.5500000;4.9210000;0
NYMEX.NG;W;20031124;000000;4.9080000;5.1150000;4.8200000;4.9250000;0
NYMEX.NG;W;20031201;000000;4.8990000;6.5600000;4.8700000;6.1350000;0
NYMEX.NG;W;20031208;000000;6.2100000;7.5500000;6.1500000;7.2210000;0
NYMEX.NG;W;20031215;000000;6.7800000;7.2150000;6.5600000;6.9820000;0
NYMEX.NG;W;20031222;000000;6.8500000;6.8500000;5.9400000;6.3790000;0
NYMEX.NG;W;20031229;000000;6.1890000;6.9500000;5.9600000;6.1890000;0
NYMEX.NG;W;20040105;000000;6.3250000;7.8200000;6.3250000;7.2870000;0
NYMEX.NG;W;20040112;000000;7.3550000;7.3900000;5.8000000;5.9400000;0
NYMEX.NG;W;20040119;000000;6.0800000;6.4900000;5.6000000;6.0590000;0
NYMEX.NG;W;20040126;000000;5.9750000;5.9750000;5.3400000;5.3970000;0
NYMEX.NG;W;20040202;000000;5.4500000;5.7900000;5.2500000;5.3540000;0
NYMEX.NG;W;20040209;000000;5.3580000;5.6300000;5.1600000;5.5360000;0
NYMEX.NG;W;20040216;000000;5.4110000;5.4200000;5.1200000;5.1930000;0
NYMEX.NG;W;20040223;000000;5.1210000;5.4900000;5.0300000;5.4160000;0
NYMEX.NG;W;20040301;000000;5.3580000;5.6000000;5.2000000;5.4430000;0
NYMEX.NG;W;20040308;000000;5.5000000;5.6760000;5.3050000;5.5960000;0
NYMEX.NG;W;20040315;000000;5.6200000;5.7700000;5.5600000;5.5820000;0
NYMEX.NG;W;20040322;000000;5.6100000;5.6100000;5.3400000;5.4820000;0
NYMEX.NG;W;20040329;000000;5.4850000;5.9900000;5.4710000;5.8040000;0
NYMEX.NG;W;20040405;000000;5.7860000;6.0300000;5.7110000;6.0090000;0
NYMEX.NG;W;20040412;000000;6.0150000;6.0160000;5.5000000;5.5090000;0
NYMEX.NG;W;20040419;000000;5.5050000;5.8700000;5.4600000;5.8650000;0
NYMEX.NG;W;20040426;000000;5.8670000;6.2500000;5.8250000;6.2310000;0
NYMEX.NG;W;20040503;000000;6.2150000;6.3600000;6.1200000;6.1840000;0
NYMEX.NG;W;20040510;000000;6.1800000;6.5300000;6.1550000;6.4240000;0
NYMEX.NG;W;20040517;000000;6.4300000;6.8000000;6.1000000;6.7670000;0
NYMEX.NG;W;20040524;000000;6.7600000;6.8050000;6.4000000;6.4420000;0
NYMEX.NG;W;20040531;000000;6.5040000;6.7300000;6.0800000;6.2070000;0
NYMEX.NG;W;20040607;000000;6.2160000;6.3300000;5.9600000;6.2440000;0
NYMEX.NG;W;20040614;000000;6.2580000;6.6500000;6.2010000;6.3390000;0
NYMEX.NG;W;20040621;000000;6.3350000;6.6250000;6.1950000;6.2010000;0
NYMEX.NG;W;20040628;000000;6.2010000;6.2700000;6.0300000;6.1480000;0
NYMEX.NG;W;20040705;000000;6.2100000;6.4600000;5.8500000;5.8570000;0
NYMEX.NG;W;20040712;000000;5.8650000;6.0240000;5.7700000;5.8180000;0
NYMEX.NG;W;20040719;000000;5.8150000;6.2200000;5.7970000;5.9960000;0
NYMEX.NG;W;20040726;000000;5.9900000;6.2500000;5.7800000;5.8130000;0
NYMEX.NG;W;20040802;000000;5.8400000;5.8750000;5.5150000;5.6930000;0
NYMEX.NG;W;20040809;000000;5.7200000;5.9600000;5.3550000;5.3780000;0
NYMEX.NG;W;20040816;000000;5.3750000;5.6200000;5.3050000;5.3100000;0
NYMEX.NG;W;20040823;000000;5.3240000;5.5450000;5.0910000;5.2340000;0
NYMEX.NG;W;20040830;000000;5.2100000;5.2600000;4.6200000;4.6750000;0
NYMEX.NG;W;20040906;000000;4.7000000;5.0800000;4.5600000;4.8500000;0
NYMEX.NG;W;20040913;000000;4.8700000;5.2700000;4.5200000;5.2490000;0
NYMEX.NG;W;20040920;000000;5.2500000;6.2100000;5.2300000;5.9310000;0
NYMEX.NG;W;20040927;000000;5.9250000;7.2300000;5.9100000;6.7250000;0
NYMEX.NG;W;20041004;000000;6.7240000;7.4400000;6.7240000;6.9930000;0
NYMEX.NG;W;20041011;000000;6.9380000;7.0300000;6.4250000;6.8060000;0
NYMEX.NG;W;20041018;000000;6.8090000;9.1500000;6.7100000;8.8220000;0
NYMEX.NG;W;20041025;000000;8.8200000;9.5050000;8.5260000;8.7250000;0
NYMEX.NG;W;20041101;000000;8.8250000;9.2000000;7.6900000;7.9540000;0
NYMEX.NG;W;20041108;000000;7.9500000;7.9600000;7.1250000;7.1760000;0
NYMEX.NG;W;20041115;000000;7.1200000;7.7300000;6.7100000;7.1150000;0
NYMEX.NG;W;20041122;000000;7.9500000;8.7000000;7.4500000;8.5600000;0
NYMEX.NG;W;20041129;000000;8.2600000;8.3250000;6.6900000;6.7960000;0
NYMEX.NG;W;20041206;000000;7.0500000;7.1300000;6.4950000;6.8430000;0
NYMEX.NG;W;20041213;000000;6.9930000;7.5400000;6.9000000;7.4570000;0
NYMEX.NG;W;20041220;000000;7.1400000;7.2000000;6.6200000;6.6680000;0
NYMEX.NG;W;20041227;000000;6.5500000;6.5500000;6.1000000;6.1490000;0
NYMEX.NG;W;20050103;000000;5.9490000;6.1000000;5.7100000;6.0010000;0
NYMEX.NG;W;20050110;000000;6.1110000;6.6100000;5.8300000;6.3950000;0
NYMEX.NG;W;20050117;000000;6.5500000;6.8050000;6.0800000;6.2400000;0
NYMEX.NG;W;20050124;000000;6.2100000;6.6400000;6.1500000;6.2590000;0
NYMEX.NG;W;20050131;000000;6.2000000;6.4800000;6.0700000;6.0960000;0
NYMEX.NG;W;20050207;000000;6.0950000;6.2700000;5.9500000;6.0930000;0
NYMEX.NG;W;20050214;000000;6.0350000;6.2300000;5.8500000;5.9080000;0
NYMEX.NG;W;20050221;000000;5.9850000;6.7300000;5.9540000;6.7150000;0
NYMEX.NG;W;20050228;000000;6.7500000;6.8150000;6.5500000;6.7440000;0
NYMEX.NG;W;20050307;000000;6.7000000;6.9800000;6.6300000;6.7720000;0
NYMEX.NG;W;20050314;000000;6.7200000;7.3800000;6.7200000;7.2730000;0
NYMEX.NG;W;20050321;000000;7.2680000;7.3640000;6.9700000;7.1220000;0
NYMEX.NG;W;20050328;000000;7.1150000;7.9040000;7.1000000;7.5940000;0
NYMEX.NG;W;20050404;000000;7.5680000;7.7000000;7.1400000;7.3090000;0
NYMEX.NG;W;20050411;000000;7.2810000;7.3900000;6.8750000;6.9500000;0
NYMEX.NG;W;20050418;000000;6.9500000;7.4330000;6.8800000;7.2160000;0
NYMEX.NG;W;20050425;000000;7.2080000;7.2350000;6.4710000;6.6970000;0
NYMEX.NG;W;20050502;000000;6.7000000;6.7800000;6.4500000;6.6740000;0
NYMEX.NG;W;20050509;000000;6.6800000;6.8400000;6.4050000;6.4460000;0
NYMEX.NG;W;20050516;000000;6.4600000;6.5700000;6.2250000;6.4070000;0
NYMEX.NG;W;20050523;000000;6.4600000;6.5100000;6.1300000;6.3700000;0
NYMEX.NG;W;20050530;000000;6.4000000;7.2400000;6.2600000;7.1220000;0
NYMEX.NG;W;20050606;000000;7.1300000;7.4300000;6.8800000;7.2600000;0
NYMEX.NG;W;20050613;000000;7.2700000;7.9150000;7.1900000;7.6700000;0
NYMEX.NG;W;20050620;000000;7.6650000;7.6650000;7.0000000;7.0900000;0
NYMEX.NG;W;20050627;000000;7.0900000;7.2000000;6.9100000;7.1710000;0
NYMEX.NG;W;20050704;000000;7.3600000;7.7710000;7.2500000;7.4950000;0
NYMEX.NG;W;20050711;000000;7.5600000;8.2900000;7.5350000;7.6520000;0
NYMEX.NG;W;20050718;000000;7.6550000;7.7090000;7.1850000;7.3250000;0
NYMEX.NG;W;20050725;000000;7.3400000;8.2200000;7.2810000;8.1540000;0
NYMEX.NG;W;20050801;000000;8.1520000;8.8700000;8.1220000;8.6840000;0
NYMEX.NG;W;20050808;000000;8.7150000;9.9100000;8.5300000;9.5400000;0
NYMEX.NG;W;20050815;000000;9.5500000;9.9100000;8.8500000;9.5640000;0
NYMEX.NG;W;20050822;000000;9.5550000;12.0000000;9.4500000;11.2000000;0
NYMEX.NG;W;20050829;000000;11.3000000;12.3000000;11.1450000;11.6910000;0
NYMEX.NG;W;20050905;000000;11.8240000;11.9000000;10.7800000;11.0310000;0
NYMEX.NG;W;20050912;000000;10.9650000;12.7000000;10.6080000;12.6630000;0
NYMEX.NG;W;20050919;000000;12.6420000;13.4200000;11.8110000;13.1370000;0
NYMEX.NG;W;20050926;000000;13.2000000;14.5900000;12.9400000;14.0170000;0
NYMEX.NG;W;20051003;000000;14.0190000;14.7500000;12.7000000;12.9750000;0
NYMEX.NG;W;20051010;000000;13.0700000;14.0200000;12.7500000;13.8390000;0
NYMEX.NG;W;20051017;000000;13.5510000;13.8510000;12.5930000;13.0040000;0
NYMEX.NG;W;20051024;000000;13.2000000;14.6340000;12.8800000;13.0500000;0
NYMEX.NG;W;20051031;000000;12.9000000;12.9000000;11.2000000;11.4150000;0
NYMEX.NG;W;20051107;000000;11.1420000;12.0600000;11.0000000;11.7120000;0
NYMEX.NG;W;20051114;000000;11.5100000;12.6950000;11.3200000;11.4140000;0
NYMEX.NG;W;20051121;000000;11.3350000;11.8600000;11.1200000;11.6200000;0
NYMEX.NG;W;20051128;000000;12.1500000;13.9500000;11.2100000;13.9200000;0
NYMEX.NG;W;20051205;000000;13.9010000;15.5200000;13.3000000;14.3000000;0
NYMEX.NG;W;20051212;000000;14.4000000;15.7800000;13.2800000;13.6330000;0
NYMEX.NG;W;20051219;000000;13.5650000;14.4900000;11.9500000;12.2830000;0
NYMEX.NG;W;20051226;000000;11.8800000;11.9000000;10.8800000;11.2250000;0
NYMEX.NG;W;20060102;000000;10.7000000;11.0000000;9.3900000;9.6320000;0
NYMEX.NG;W;20060109;000000;9.5250000;9.6610000;8.7400000;8.7910000;0
NYMEX.NG;W;20060116;000000;8.7950000;9.4400000;8.4600000;9.2800000;0
NYMEX.NG;W;20060123;000000;9.0000000;9.0950000;8.0200000;8.5400000;0
NYMEX.NG;W;20060130;000000;8.8000000;9.8200000;8.1700000;8.6130000;0
NYMEX.NG;W;20060206;000000;8.6400000;8.7450000;7.2500000;7.3160000;0
NYMEX.NG;W;20060213;000000;7.4100000;7.5400000;6.9750000;7.1820000;0
NYMEX.NG;W;20060220;000000;7.3400000;8.0070000;7.1100000;7.3600000;0
NYMEX.NG;W;20060227;000000;7.1000000;7.1800000;6.5400000;6.7900000;0
NYMEX.NG;W;20060306;000000;6.7000000;6.8100000;6.4500000;6.6460000;0
NYMEX.NG;W;20060313;000000;6.7200000;7.3700000;6.6900000;7.0530000;0
NYMEX.NG;W;20060320;000000;7.0100000;7.4960000;6.7070000;7.2420000;0
NYMEX.NG;W;20060327;000000;7.2500000;7.6300000;7.1200000;7.2440000;0
NYMEX.NG;W;20060403;000000;7.2200000;7.2500000;6.6500000;6.8820000;0
NYMEX.NG;W;20060410;000000;6.9190000;7.6300000;6.6500000;7.5770000;0
NYMEX.NG;W;20060417;000000;7.5520000;8.3000000;7.5500000;7.7900000;0
NYMEX.NG;W;20060424;000000;8.2660000;7.8000000;6.4900000;6.6950000;0
NYMEX.NG;W;20060501;000000;6.7070000;7.1330000;6.5000000;6.6960000;0
NYMEX.NG;W;20060508;000000;6.7050000;7.0340000;6.0450000;6.1230000;0
NYMEX.NG;W;20060515;000000;6.1500000;6.4190000;5.8500000;6.2760000;0
NYMEX.NG;W;20060522;000000;6.2800000;6.5300000;6.0500000;6.1540000;0
NYMEX.NG;W;20060529;000000;6.2500000;6.8200000;6.0200000;6.4630000;0
NYMEX.NG;W;20060605;000000;6.4500000;6.5980000;5.9400000;6.2240000;0
NYMEX.NG;W;20060612;000000;6.2300000;7.3300000;6.1210000;6.8930000;0
NYMEX.NG;W;20060619;000000;6.8800000;6.8800000;6.1500000;6.1690000;0
NYMEX.NG;W;20060626;000000;6.1600000;6.3700000;5.9400000;6.1040000;0
NYMEX.NG;W;20060703;000000;6.0900000;6.1000000;5.3900000;5.6080000;0
NYMEX.NG;W;20060710;000000;5.6200000;6.4600000;5.5500000;5.7830000;0
NYMEX.NG;W;20060717;000000;5.7790000;6.6400000;5.5200000;6.6050000;0
NYMEX.NG;W;20060724;000000;6.7300000;8.2700000;6.4600000;8.2110000;0
NYMEX.NG;W;20060731;000000;8.2500000;8.6190000;6.7600000;7.0010000;0
NYMEX.NG;W;20060807;000000;7.0300000;7.9400000;6.7150000;6.8980000;0
NYMEX.NG;W;20060814;000000;6.8990000;7.1200000;6.4500000;6.6200000;0
NYMEX.NG;W;20060821;000000;6.6310000;7.7100000;6.4800000;6.7750000;0
NYMEX.NG;W;20060828;000000;6.7800000;6.9600000;5.7100000;5.8250000;0
NYMEX.NG;W;20060904;000000;5.8150000;6.1300000;5.3190000;5.6000000;0
NYMEX.NG;W;20060911;000000;5.6150000;5.8600000;4.6500000;5.0250000;0
NYMEX.NG;W;20060918;000000;5.0350000;6.2050000;4.5930000;5.7800000;0
NYMEX.NG;W;20060925;000000;5.7780000;5.9400000;5.2740000;5.6100000;0
NYMEX.NG;W;20061002;000000;5.6150000;6.8000000;5.4600000;6.3500000;0
NYMEX.NG;W;20061009;000000;6.3590000;6.6400000;5.5830000;6.6110000;0
NYMEX.NG;W;20061016;000000;6.5990000;7.4080000;6.2300000;6.8310000;0
NYMEX.NG;W;20061023;000000;7.7500000;8.5000000;7.7400000;7.8270000;0
NYMEX.NG;W;20061030;000000;7.6490000;8.1000000;7.0600000;7.8840000;0
NYMEX.NG;W;20061106;000000;7.6600000;8.2600000;7.2780000;7.7940000;0
NYMEX.NG;W;20061113;000000;7.8500000;8.2500000;7.5900000;8.1800000;0
NYMEX.NG;W;20061120;000000;8.0990000;8.1860000;7.6800000;7.7180000;0
NYMEX.NG;W;20061127;000000;8.3450000;9.0500000;8.1710000;8.4220000;0
NYMEX.NG;W;20061204;000000;8.2500000;8.2890000;7.5000000;7.5610000;0
NYMEX.NG;W;20061211;000000;7.4600000;7.9150000;7.2160000;7.4350000;0
NYMEX.NG;W;20061218;000000;7.2900000;7.2900000;6.6000000;6.8100000;0
NYMEX.NG;W;20061225;000000;6.9200000;6.9580000;6.0000000;6.3050000;0
NYMEX.NG;W;20070101;000000;6.2050000;6.4500000;6.0300000;6.2440000;0
NYMEX.NG;W;20070108;000000;6.3770000;6.8070000;6.2000000;6.6220000;0
NYMEX.NG;W;20070115;000000;6.5800000;6.9800000;6.1500000;6.9500000;0
NYMEX.NG;W;20070122;000000;7.1800000;7.6620000;6.8280000;7.2170000;0
NYMEX.NG;W;20070129;000000;7.1750000;7.9660000;6.8710000;7.4700000;0
NYMEX.NG;W;20070205;000000;7.7300000;8.0350000;7.4590000;7.7800000;0
NYMEX.NG;W;20070212;000000;7.6600000;7.6700000;7.0500000;7.4770000;0
NYMEX.NG;W;20070219;000000;7.4200000;7.8400000;7.2300000;7.7650000;0
NYMEX.NG;W;20070226;000000;7.8120000;7.9300000;7.1000000;7.1600000;0
NYMEX.NG;W;20070305;000000;7.2330000;7.5500000;7.0220000;7.0820000;0
NYMEX.NG;W;20070312;000000;7.0350000;7.1660000;6.8600000;6.9450000;0
NYMEX.NG;W;20070319;000000;6.9000000;7.4820000;6.8120000;7.3840000;0
NYMEX.NG;W;20070326;000000;7.3850000;7.8300000;7.3600000;7.6150000;0
NYMEX.NG;W;20070402;000000;7.6040000;7.7240000;7.3780000;7.5500000;0
NYMEX.NG;W;20070409;000000;7.5690000;8.0100000;7.4610000;7.4950000;0
NYMEX.NG;W;20070416;000000;7.4700000;7.7250000;7.2500000;7.7020000;0
NYMEX.NG;W;20070423;000000;7.7210000;7.9300000;7.5350000;7.8140000;0
NYMEX.NG;W;20070430;000000;7.8330000;8.1050000;7.5080000;7.7320000;0
NYMEX.NG;W;20070507;000000;7.7330000;8.1120000;7.5900000;7.9330000;0
NYMEX.NG;W;20070514;000000;7.9220000;8.2300000;7.7600000;7.9070000;0
NYMEX.NG;W;20070521;000000;7.9110000;7.9800000;7.6580000;7.7720000;0
NYMEX.NG;W;20070528;000000;7.7450000;8.2100000;7.6200000;8.1840000;0
NYMEX.NG;W;20070604;000000;8.1800000;8.2080000;7.5600000;7.6010000;0
NYMEX.NG;W;20070611;000000;7.5970000;8.0170000;7.5800000;7.6720000;0
NYMEX.NG;W;20070618;000000;7.6770000;7.7100000;7.0500000;7.0760000;0
NYMEX.NG;W;20070625;000000;7.0750000;7.1330000;6.5510000;6.7750000;0
NYMEX.NG;W;20070702;000000;6.7650000;6.8390000;6.3600000;6.4330000;0
NYMEX.NG;W;20070709;000000;6.4300000;6.8490000;6.3010000;6.3650000;0
NYMEX.NG;W;20070716;000000;6.3570000;6.7500000;6.0010000;6.0240000;0
NYMEX.NG;W;20070723;000000;6.0850000;6.5800000;5.8550000;6.5580000;0
NYMEX.NG;W;20070730;000000;6.5660000;6.6840000;5.9060000;6.2500000;0
NYMEX.NG;W;20070806;000000;6.2600000;7.1270000;6.1080000;6.8480000;0
NYMEX.NG;W;20070813;000000;6.8500000;7.1920000;5.9950000;5.9990000;0
NYMEX.NG;W;20070820;000000;6.0200000;6.0340000;5.4220000;5.6230000;0
NYMEX.NG;W;20070827;000000;5.5890000;5.9150000;5.3010000;5.3210000;0
NYMEX.NG;W;20070903;000000;5.3390000;6.0080000;5.2490000;5.9850000;160822
NYMEX.NG;W;20070910;000000;5.3480000;6.6900000;5.2490000;6.6580000;215431
NYMEX.NG;W;20070917;000000;6.3550000;6.8250000;5.7250000;6.3850000;222298
NYMEX.NG;W;20070924;000000;6.0190000;7.0980000;5.9160000;7.0500000;172394
NYMEX.NG;W;20071001;000000;6.8600000;7.5050000;6.7530000;6.8460000;185828
NYMEX.NG;W;20071008;000000;6.9920000;7.4900000;6.7450000;7.4450000;170123
NYMEX.NG;W;20071015;000000;7.0870000;7.6050000;6.8080000;6.8910000;205527
NYMEX.NG;W;20071022;000000;7.0530000;7.2270000;6.6400000;7.1800000;124261
NYMEX.NG;W;20071029;000000;7.2540000;8.7120000;7.2100000;8.3510000;130109
NYMEX.NG;W;20071105;000000;8.3400000;8.3400000;7.5080000;7.9150000;123682
NYMEX.NG;W;20071112;000000;7.8550000;8.1230000;7.6500000;8.0490000;114950
NYMEX.NG;W;20071119;000000;8.0450000;8.1300000;7.4200000;7.7040000;67246
NYMEX.NG;W;20071126;000000;7.8480000;7.9690000;7.1800000;7.3200000;99218
NYMEX.NG;W;20071203;000000;7.2090000;7.4450000;7.0380000;7.1010000;127431
NYMEX.NG;W;20071210;000000;7.2400000;7.5290000;6.9500000;6.9920000;122593
NYMEX.NG;W;20071217;000000;6.9920000;7.2500000;6.9140000;7.2300000;106174
NYMEX.NG;W;20071224;000000;7.0790000;7.4100000;6.8380000;7.3430000;61795
NYMEX.NG;W;20071231;000000;7.3490000;7.9800000;7.2830000;7.8510000;118749
NYMEX.NG;W;20080107;000000;7.8030000;8.4100000;7.7010000;8.1750000;87343
NYMEX.NG;W;20080114;000000;8.3900000;8.4810000;7.9180000;7.9880000;109278
NYMEX.NG;W;20080121;000000;7.9400000;8.0060000;7.5700000;7.9880000;67610
NYMEX.NG;W;20080128;000000;7.9600000;8.1330000;7.6910000;7.7190000;104267
NYMEX.NG;W;20080204;000000;7.6250000;8.3300000;7.5800000;8.2500000;130750
NYMEX.NG;W;20080211;000000;8.4050000;8.8470000;8.3360000;8.6970000;156696
NYMEX.NG;W;20080218;000000;8.7550000;9.2390000;8.7340000;9.2390000;115509
NYMEX.NG;W;20080225;000000;9.3000000;9.4980000;8.8800000;9.3950000;124186
NYMEX.NG;W;20080303;000000;9.3870000;10.0020000;9.2540000;9.8170000;153555
NYMEX.NG;W;20080310;000000;9.8400000;10.2940000;9.6270000;9.8000000;109048
NYMEX.NG;W;20080317;000000;10.0020000;10.1030000;8.6640000;9.1400000;123974
NYMEX.NG;W;20080324;000000;9.1200000;10.2100000;9.0080000;10.1010000;108315
NYMEX.NG;W;20080331;000000;9.8360000;10.2100000;9.2900000;9.7910000;159491
NYMEX.NG;W;20080407;000000;9.3430000;10.3140000;9.3430000;10.0530000;164501
NYMEX.NG;W;20080414;000000;9.9200000;10.7490000;9.8160000;10.7330000;159593
NYMEX.NG;W;20080421;000000;10.6240000;11.4650000;10.4150000;11.3290000;141121
NYMEX.NG;W;20080428;000000;11.0200000;11.2830000;10.4800000;11.1780000;138765
NYMEX.NG;W;20080505;000000;10.8430000;11.6750000;10.7810000;11.3010000;160386
NYMEX.NG;W;20080512;000000;11.6440000;11.7940000;10.8570000;10.9540000;194076
NYMEX.NG;W;20080519;000000;11.1580000;11.9500000;10.8570000;11.9420000;168289
NYMEX.NG;W;20080526;000000;11.9500000;12.2030000;11.4300000;11.9690000;112525
NYMEX.NG;W;20080602;000000;11.7910000;12.8230000;11.6330000;12.6040000;160023
NYMEX.NG;W;20080609;000000;12.6900000;12.9900000;12.3700000;12.9330000;121824
NYMEX.NG;W;20080616;000000;12.6370000;13.3490000;12.5800000;13.2030000;138001
NYMEX.NG;W;20080623;000000;13.1400000;13.4480000;12.5280000;13.3530000;109656
NYMEX.NG;W;20080630;000000;13.2600000;13.6940000;12.8740000;12.9770000;95292
NYMEX.NG;W;20080707;000000;13.5000000;13.5720000;11.7650000;11.9400000;190824
NYMEX.NG;W;20080714;000000;11.9550000;12.1360000;10.3220000;10.5030000;141438
NYMEX.NG;W;20080721;000000;10.6320000;10.7930000;8.8830000;9.2200000;163465
NYMEX.NG;W;20080728;000000;9.1960000;9.6000000;8.6000000;8.7260000;102448
NYMEX.NG;W;20080804;000000;9.4550000;9.4590000;8.1600000;8.3490000;160546
NYMEX.NG;W;20080811;000000;8.3600000;8.7320000;7.8140000;7.8880000;125115
NYMEX.NG;W;20080818;000000;7.9280000;8.3880000;7.6170000;7.8790000;118338
NYMEX.NG;W;20080825;000000;7.7940000;8.8080000;7.6170000;7.9550000;149249
NYMEX.NG;W;20080901;000000;7.9500000;7.9930000;7.0230000;7.5270000;96906
NYMEX.NG;W;20080908;000000;7.6000000;7.7050000;7.1200000;7.4610000;86260
NYMEX.NG;W;20080915;000000;7.4720000;8.3170000;7.0710000;7.6580000;70495
NYMEX.NG;W;20080922;000000;7.4510000;8.1600000;7.1400000;7.2210000;70818
NYMEX.NG;W;20080929;000000;7.6280000;7.9370000;6.8230000;6.8350000;73127
NYMEX.NG;W;20081006;000000;7.3480000;7.3480000;6.5100000;6.7070000;49840
NYMEX.NG;W;20081013;000000;6.5350000;7.0870000;6.4360000;6.7940000;41888
NYMEX.NG;W;20081020;000000;6.8540000;7.0870000;6.1500000;6.1960000;56412
NYMEX.NG;W;20081027;000000;6.1330000;6.8960000;5.9900000;6.7100000;45952
NYMEX.NG;W;20081103;000000;6.6930000;7.3600000;6.5120000;6.7850000;93926
NYMEX.NG;W;20081110;000000;6.8870000;7.3080000;6.0550000;6.3150000;120873
NYMEX.NG;W;20081117;000000;6.3610000;6.8220000;6.2260000;6.5100000;80549
NYMEX.NG;W;20081124;000000;6.6720000;6.9710000;6.2550000;6.4600000;75458
NYMEX.NG;W;20081201;000000;6.5500000;6.6840000;5.7120000;5.7350000;108579
NYMEX.NG;W;20081208;000000;5.7080000;5.7920000;5.4580000;5.5410000;92655
NYMEX.NG;W;20081215;000000;5.5940000;5.8550000;5.2670000;5.3430000;97447
NYMEX.NG;W;20081222;000000;5.2700000;5.9400000;5.2100000;5.8900000;66977
NYMEX.NG;W;20081229;000000;5.9090000;6.1800000;5.4770000;6.0010000;76461
NYMEX.NG;W;20090105;000000;5.9300000;6.2400000;5.4240000;5.5440000;125684
NYMEX.NG;W;20090112;000000;5.5470000;5.6340000;4.7440000;4.7720000;78944
NYMEX.NG;W;20090119;000000;4.7290000;4.8560000;4.4330000;4.5090000;55365
NYMEX.NG;W;20090126;000000;4.4400000;4.6650000;4.3590000;4.4080000;80797
NYMEX.NG;W;20090202;000000;4.3100000;4.8370000;4.2800000;4.8290000;110968
NYMEX.NG;W;20090209;000000;4.7700000;4.8800000;4.3820000;4.4500000;97347
NYMEX.NG;W;20090216;000000;4.3000000;4.3220000;3.9210000;4.0060000;76225
NYMEX.NG;W;20090223;000000;4.0750000;4.2960000;3.9170000;4.1900000;66712
NYMEX.NG;W;20090302;000000;4.2740000;4.3800000;3.9180000;3.9200000;112983
NYMEX.NG;W;20090309;000000;3.8820000;4.0290000;3.7620000;3.9050000;62346
NYMEX.NG;W;20090316;000000;3.9140000;4.4240000;3.6720000;4.2390000;65521
NYMEX.NG;W;20090323;000000;4.1900000;4.3780000;3.6100000;3.7950000;46139
NYMEX.NG;W;20090330;000000;3.7600000;3.8810000;3.6290000;3.7040000;58461
NYMEX.NG;W;20090406;000000;3.8010000;3.8600000;3.5040000;3.6360000;82521
NYMEX.NG;W;20090413;000000;3.6250000;3.7860000;3.5040000;3.5380000;109553
NYMEX.NG;W;20090420;000000;3.7100000;3.7570000;3.1550000;3.2560000;85286
NYMEX.NG;W;20090427;000000;3.2680000;3.7400000;3.1550000;3.6900000;113743
NYMEX.NG;W;20090504;000000;3.5440000;4.3640000;3.4690000;4.3230000;291004
NYMEX.NG;W;20090511;000000;4.3330000;4.5750000;3.9970000;4.1710000;199459
NYMEX.NG;W;20090518;000000;4.0480000;4.2390000;3.4780000;3.5080000;176652
NYMEX.NG;W;20090525;000000;3.4900000;4.2590000;3.3880000;4.1970000;137463
NYMEX.NG;W;20090601;000000;3.9200000;4.2840000;3.5500000;3.7290000;265779
NYMEX.NG;W;20090608;000000;3.8800000;4.1980000;3.6570000;4.1820000;234102
NYMEX.NG;W;20090615;000000;3.8590000;4.3870000;3.8250000;3.9340000;240516
NYMEX.NG;W;20090622;000000;4.0270000;4.1380000;3.7170000;3.9350000;136200
NYMEX.NG;W;20090629;000000;4.0590000;4.0900000;3.3690000;3.4990000;173727
NYMEX.NG;W;20090706;000000;3.6130000;3.6140000;3.2250000;3.3490000;188141
NYMEX.NG;W;20090713;000000;3.3250000;3.7850000;3.2250000;3.6670000;263049
NYMEX.NG;W;20090720;000000;3.6750000;3.9030000;3.5160000;3.6280000;192728
NYMEX.NG;W;20090727;000000;3.6600000;4.1620000;3.2960000;3.9900000;156752
NYMEX.NG;W;20090803;000000;3.6310000;4.1620000;3.5960000;3.6510000;253717
NYMEX.NG;W;20090810;000000;3.7040000;3.7680000;3.1170000;3.1970000;223580
NYMEX.NG;W;20090817;000000;3.1740000;5.4100000;2.7260000;2.9490000;222950
NYMEX.NG;W;20090824;000000;2.7770000;3.2200000;2.6920000;2.9740000;147884
NYMEX.NG;W;20090831;000000;3.0030000;3.0840000;2.4090000;2.6590000;263902
NYMEX.NG;W;20090907;000000;2.7410000;3.4390000;2.6230000;3.4170000;344083
NYMEX.NG;W;20090914;000000;2.9310000;3.9000000;2.9110000;3.6100000;419785
NYMEX.NG;W;20090921;000000;3.7300000;4.9750000;3.5020000;4.8250000;288698
NYMEX.NG;W;20090928;000000;3.9900000;5.0700000;3.6100000;4.9910000;298410
NYMEX.NG;W;20091005;000000;4.7390000;5.1200000;4.6710000;4.8800000;323276
NYMEX.NG;W;20091012;000000;4.7920000;4.9720000;4.3580000;4.8600000;311394
NYMEX.NG;W;20091019;000000;4.7850000;5.3180000;4.6750000;4.7800000;281928
NYMEX.NG;W;20091026;000000;4.7400000;5.2710000;4.2400000;5.0120000;160127
NYMEX.NG;W;20091102;000000;5.0300000;5.1150000;4.5550000;4.6020000;211107
NYMEX.NG;W;20091109;000000;4.6070000;4.6900000;4.2870000;4.3920000;243792
NYMEX.NG;W;20091116;000000;4.4350000;4.7330000;4.1570000;4.4240000;309738
NYMEX.NG;W;20091123;000000;4.5090000;5.2890000;4.3610000;5.1920000;178847
NYMEX.NG;W;20091130;000000;5.1820000;5.1920000;4.4320000;4.5860000;280994
NYMEX.NG;W;20091207;000000;4.6550000;5.3750000;4.6440000;5.1630000;348102
NYMEX.NG;W;20091214;000000;5.2310000;5.9260000;5.1910000;5.8080000;254825
NYMEX.NG;W;20091221;000000;5.8070000;5.9290000;5.5310000;5.6430000;151116
NYMEX.NG;W;20091228;000000;5.7630000;6.0350000;5.5050000;5.5720000;122476
NYMEX.NG;W;20100104;000000;5.7070000;6.1080000;5.6150000;5.7490000;306434
NYMEX.NG;W;20100111;000000;5.5750000;5.7950000;5.3540000;5.6910000;283318
NYMEX.NG;W;20100118;000000;5.6290000;5.8690000;5.4450000;5.8190000;164267
NYMEX.NG;W;20100125;000000;5.8210000;5.8540000;5.0770000;5.1310000;149920
NYMEX.NG;W;20100201;000000;5.2470000;5.5980000;5.2290000;5.5150000;237374
NYMEX.NG;W;20100208;000000;5.6100000;5.6800000;5.2260000;5.4680000;232429
NYMEX.NG;W;20100215;000000;5.4250000;5.5600000;4.9410000;4.9550000;197199
NYMEX.NG;W;20100222;000000;4.9550000;4.9720000;4.7390000;4.7700000;141741
NYMEX.NG;W;20100301;000000;4.7690000;4.8690000;4.5110000;4.5320000;195031
NYMEX.NG;W;20100308;000000;4.5320000;4.6030000;4.3460000;4.3610000;194479
NYMEX.NG;W;20100315;000000;4.3590000;4.4470000;4.0500000;4.1250000;176840
NYMEX.NG;W;20100322;000000;4.1250000;4.1900000;3.8550000;3.8600000;135519
NYMEX.NG;W;20100329;000000;3.8520000;4.1570000;3.8200000;4.1020000;179102
NYMEX.NG;W;20100405;000000;4.1000000;4.3340000;3.8570000;4.0980000;304378
NYMEX.NG;W;20100412;000000;4.0970000;4.2690000;3.9360000;4.0460000;292632
NYMEX.NG;W;20100419;000000;4.0440000;4.3220000;3.8790000;4.3080000;199964
NYMEX.NG;W;20100426;000000;4.3080000;4.3860000;3.8860000;4.0000000;201083
NYMEX.NG;W;20100503;000000;3.9340000;4.0860000;3.8550000;4.0300000;143967
NYMEX.NG;W;20100510;000000;4.0290000;4.4110000;4.0230000;4.3010000;181013
NYMEX.NG;W;20100517;000000;4.3010000;4.4940000;3.9860000;4.0350000;212394
NYMEX.NG;W;20100524;000000;4.0350000;4.3990000;3.9860000;4.3640000;165938
NYMEX.NG;W;20100531;000000;4.3680000;4.9770000;4.2170000;4.8000000;318500
NYMEX.NG;W;20100607;000000;4.7970000;4.9950000;4.6280000;4.8870000;319411
NYMEX.NG;W;20100614;000000;4.8800000;5.1960000;4.8630000;5.0800000;306838
NYMEX.NG;W;20100621;000000;5.0790000;5.1820000;4.6910000;4.8180000;294422
NYMEX.NG;W;20100628;000000;4.8110000;4.9230000;4.4770000;4.6870000;318955
NYMEX.NG;W;20100705;000000;4.7530000;4.9000000;4.3390000;4.4220000;258793
NYMEX.NG;W;20100712;000000;4.4230000;4.6590000;4.2880000;4.5420000;302656
NYMEX.NG;W;20100719;000000;4.5430000;4.7190000;4.4540000;4.5620000;363312
NYMEX.NG;W;20100726;000000;4.5600000;5.0070000;4.5110000;4.9700000;254754
NYMEX.NG;W;20100802;000000;4.9690000;4.9900000;4.4340000;4.4800000;397009
NYMEX.NG;W;20100809;000000;4.4780000;4.5120000;4.2570000;4.3200000;327098
NYMEX.NG;W;20100816;000000;4.3200000;4.3750000;4.0350000;4.0810000;271605
NYMEX.NG;W;20100823;000000;4.0780000;4.1290000;3.6100000;3.7450000;159450
NYMEX.NG;W;20100830;000000;3.7420000;3.9460000;3.6930000;3.8910000;344295
NYMEX.NG;W;20100906;000000;3.8940000;3.9390000;3.7030000;3.8310000;277152
NYMEX.NG;W;20100913;000000;3.8310000;4.1440000;3.8230000;3.9600000;436108
NYMEX.NG;W;20100920;000000;3.9590000;4.1330000;3.7590000;3.7700000;338532
NYMEX.NG;W;20100927;000000;3.7700000;4.0120000;3.7320000;3.7660000;216237
NYMEX.NG;W;20101004;000000;3.7660000;3.8880000;3.5830000;3.6270000;317729
NYMEX.NG;W;20101011;000000;3.6260000;3.7770000;3.4650000;3.4810000;326945
NYMEX.NG;W;20101018;000000;3.4810000;3.6130000;3.2550000;3.2710000;271190
NYMEX.NG;W;20101025;000000;3.2700000;4.1210000;3.0050000;4.1210000;310036
NYMEX.NG;W;20101101;000000;4.1200000;4.1870000;3.7430000;3.9690000;405503
NYMEX.NG;W;20101108;000000;3.9640000;4.2490000;3.7820000;3.7960000;417451
NYMEX.NG;W;20101115;000000;3.7960000;4.2250000;3.7100000;4.1820000;420745
NYMEX.NG;W;20101122;000000;4.1810000;4.4400000;4.1150000;4.4370000;126773
NYMEX.NG;W;20101129;000000;4.4390000;4.4870000;4.1260000;4.3920000;412270
NYMEX.NG;W;20101206;000000;4.3930000;4.6370000;4.3440000;4.4240000;445829
NYMEX.NG;W;20101213;000000;4.4810000;4.5470000;3.9510000;4.0220000;378789
NYMEX.NG;W;20101220;000000;4.0220000;4.2500000;3.9880000;4.0190000;199065
NYMEX.NG;W;20101227;000000;4.0180000;4.5500000;3.9920000;4.5420000;205180
NYMEX.NG;W;20110103;000000;4.5430000;4.7070000;4.3270000;4.4140000;390186
NYMEX.NG;W;20110110;000000;4.4110000;4.5540000;4.3220000;4.4960000;434193
NYMEX.NG;W;20110117;000000;4.4900000;4.8470000;4.3870000;4.8030000;331743
NYMEX.NG;W;20110124;000000;4.8030000;4.8160000;4.2520000;4.3460000;240444
NYMEX.NG;W;20110131;000000;4.3480000;4.4960000;4.1870000;4.2460000;418679
NYMEX.NG;W;20110207;000000;4.2460000;4.2570000;3.8690000;3.8780000;403894
NYMEX.NG;W;20110214;000000;3.8780000;3.9970000;3.8250000;3.8710000;256254
NYMEX.NG;W;20110221;000000;3.8720000;4.0440000;3.7750000;4.0050000;183009
NYMEX.NG;W;20110228;000000;4.0050000;4.1000000;3.7310000;3.7610000;388145
NYMEX.NG;W;20110307;000000;3.7630000;3.9640000;3.7310000;3.8960000;393687
NYMEX.NG;W;20110314;000000;3.9180000;4.2180000;3.8000000;4.1980000;434485
NYMEX.NG;W;20110321;000000;4.1960000;4.4750000;4.1160000;4.4490000;352703
NYMEX.NG;W;20110328;000000;4.4490000;4.4800000;4.1950000;4.2750000;371031
NYMEX.NG;W;20110404;000000;4.3120000;4.3640000;4.0100000;4.0230000;383914
NYMEX.NG;W;20110411;000000;4.0230000;4.2610000;3.9900000;4.1940000;412616
NYMEX.NG;W;20110418;000000;4.1930000;4.4300000;4.0870000;4.4180000;314702
NYMEX.NG;W;20110425;000000;4.4200000;4.7100000;4.3330000;4.6860000;332753
NYMEX.NG;W;20110502;000000;4.6900000;4.7290000;4.2050000;4.2790000;461902
NYMEX.NG;W;20110509;000000;4.2790000;4.2970000;4.1090000;4.2380000;334665
NYMEX.NG;W;20110516;000000;4.2380000;4.3390000;4.0770000;4.2220000;311574
NYMEX.NG;W;20110523;000000;4.2230000;4.5710000;4.1950000;4.5320000;276766
NYMEX.NG;W;20110530;000000;4.5340000;4.8590000;4.5250000;4.7670000;377759
NYMEX.NG;W;20110606;000000;4.7660000;4.9830000;4.5100000;4.7590000;441571
NYMEX.NG;W;20110613;000000;4.7560000;4.8110000;4.2790000;4.3110000;352836
NYMEX.NG;W;20110620;000000;4.3100000;4.4440000;4.1540000;4.1960000;307779
NYMEX.NG;W;20110627;000000;4.1950000;4.4220000;4.1760000;4.3110000;254155
NYMEX.NG;W;20110704;000000;4.3110000;4.4110000;4.0640000;4.2250000;306673
NYMEX.NG;W;20110711;000000;4.2260000;4.5640000;4.1820000;4.5540000;362935
NYMEX.NG;W;20110718;000000;4.5580000;4.6120000;4.3700000;4.4100000;341970
NYMEX.NG;W;20110725;000000;4.4120000;4.4590000;4.1290000;4.1680000;236991
NYMEX.NG;W;20110801;000000;4.1700000;4.2300000;3.8800000;3.8800000;339171
NYMEX.NG;W;20110808;000000;3.8830000;4.1430000;3.8550000;4.0220000;344027
NYMEX.NG;W;20110815;000000;4.0220000;4.0620000;3.8430000;3.8900000;317451
NYMEX.NG;W;20110822;000000;3.8870000;4.0480000;3.8530000;3.9050000;264895
NYMEX.NG;W;20110829;000000;3.9030000;4.1300000;3.7800000;3.8870000;375077
NYMEX.NG;W;20110905;000000;3.8850000;4.0380000;3.8510000;3.8800000;332768
NYMEX.NG;W;20110912;000000;3.8800000;4.0990000;3.7430000;3.8000000;413562
NYMEX.NG;W;20110919;000000;3.7970000;3.8590000;3.6620000;3.6870000;241968
NYMEX.NG;W;20110926;000000;3.6850000;3.8530000;3.6400000;3.6510000;251012
NYMEX.NG;W;20111003;000000;3.6510000;3.6990000;3.4710000;3.4750000;331934
NYMEX.NG;W;20111010;000000;3.4750000;3.7560000;3.4460000;3.7390000;412148
NYMEX.NG;W;20111017;000000;3.7390000;3.7770000;3.5320000;3.6250000;368321
NYMEX.NG;W;20111024;000000;3.6250000;3.9470000;3.4950000;3.9170000;264371
NYMEX.NG;W;20111031;000000;3.9170000;3.9780000;3.7300000;3.7490000;390235
NYMEX.NG;W;20111107;000000;3.7440000;3.7690000;3.5250000;3.5390000;408876
NYMEX.NG;W;20111114;000000;3.5390000;3.5450000;3.2850000;3.3190000;414283
NYMEX.NG;W;20111121;000000;3.3160000;3.5490000;3.2850000;3.5340000;212313
NYMEX.NG;W;20111128;000000;3.5450000;3.6890000;3.3500000;3.5700000;366691
NYMEX.NG;W;20111205;000000;3.5700000;3.5720000;3.2430000;3.2480000;374977
NYMEX.NG;W;20111212;000000;3.2470000;3.2990000;3.0740000;3.0820000;338355
NYMEX.NG;W;20111219;000000;3.0830000;3.2010000;3.0500000;3.1060000;227349
NYMEX.NG;W;20111226;000000;3.0990000;3.1900000;2.9570000;2.9690000;133579
NYMEX.NG;W;20120102;000000;2.9710000;3.1230000;2.9360000;3.0160000;352102
NYMEX.NG;W;20120109;000000;3.0170000;3.0450000;2.5400000;2.5540000;408271
NYMEX.NG;W;20120116;000000;2.5550000;2.5850000;2.2500000;2.2820000;370769
NYMEX.NG;W;20120123;000000;2.2800000;2.8440000;2.2310000;2.8150000;460603
NYMEX.NG;W;20120130;000000;2.8150000;2.8250000;2.3400000;2.4610000;640740
NYMEX.NG;W;20120206;000000;2.4610000;2.6180000;2.3900000;2.4310000;521072
NYMEX.NG;W;20120213;000000;2.4300000;2.7330000;2.3950000;2.6580000;501474
NYMEX.NG;W;20120220;000000;2.6590000;2.6950000;2.4840000;2.4940000;268391
NYMEX.NG;W;20120227;000000;2.5060000;2.6250000;2.3970000;2.4360000;375877
NYMEX.NG;W;20120305;000000;2.4370000;2.4390000;2.2350000;2.2760000;376513
NYMEX.NG;W;20120312;000000;2.2750000;2.3620000;2.2040000;2.3270000;356251
NYMEX.NG;W;20120319;000000;2.3290000;2.3930000;2.2500000;2.2960000;316458
NYMEX.NG;W;20120326;000000;2.2960000;2.3180000;2.1010000;2.1190000;262508
NYMEX.NG;W;20120402;000000;2.1200000;2.2040000;2.0690000;2.0890000;319375
NYMEX.NG;W;20120409;000000;2.0900000;2.1260000;1.9590000;1.9870000;366144
NYMEX.NG;W;20120416;000000;1.9880000;2.0300000;1.9020000;1.9400000;261009
NYMEX.NG;W;20120423;000000;1.9390000;2.1980000;1.9210000;2.1830000;246874
NYMEX.NG;W;20120430;000000;2.1830000;2.3850000;2.1500000;2.2990000;551249
NYMEX.NG;W;20120507;000000;2.2990000;2.5310000;2.2760000;2.5090000;519559
NYMEX.NG;W;20120514;000000;2.5110000;2.7590000;2.3870000;2.7200000;497417
NYMEX.NG;W;20120521;000000;2.7210000;2.7500000;2.4920000;2.5000000;433862
NYMEX.NG;W;20120528;000000;2.5010000;2.5400000;2.3130000;2.3340000;375976
NYMEX.NG;W;20120604;000000;2.3330000;2.4870000;2.2310000;2.2680000;469827
NYMEX.NG;W;20120611;000000;2.2680000;2.5570000;2.1680000;2.4950000;506635
NYMEX.NG;W;20120618;000000;2.5000000;2.6870000;2.4810000;2.6730000;543101
NYMEX.NG;W;20120625;000000;2.6730000;2.9460000;2.6440000;2.8110000;381870
NYMEX.NG;W;20120702;000000;2.8100000;3.0600000;2.7420000;2.7950000;400679
NYMEX.NG;W;20120709;000000;2.7940000;2.9200000;2.7180000;2.8810000;486753
NYMEX.NG;W;20120716;000000;2.8790000;3.1000000;2.7200000;3.0850000;467035
NYMEX.NG;W;20120723;000000;3.0870000;3.1960000;2.9910000;3.0540000;299506
NYMEX.NG;W;20120730;000000;3.0530000;3.2770000;2.8030000;2.8220000;575587
NYMEX.NG;W;20120806;000000;2.8240000;3.1200000;2.7350000;2.7590000;487064
NYMEX.NG;W;20120813;000000;2.7590000;2.8480000;2.6850000;2.7060000;401295
NYMEX.NG;W;20120820;000000;2.7040000;2.8770000;2.6820000;2.7410000;477986
NYMEX.NG;W;20120827;000000;2.7410000;3.5350000;2.5750000;2.7820000;279061
NYMEX.NG;W;20120903;000000;2.7830000;2.8880000;2.6470000;2.6660000;365108
NYMEX.NG;W;20120910;000000;2.6650000;3.0700000;2.6540000;2.9500000;601433
NYMEX.NG;W;20120917;000000;2.9480000;2.9830000;2.7370000;2.8880000;408153
NYMEX.NG;W;20120924;000000;2.8860000;3.3900000;2.8140000;3.3810000;362595
NYMEX.NG;W;20121001;000000;3.3820000;3.5460000;3.3370000;3.4090000;615511
NYMEX.NG;W;20121008;000000;3.4100000;3.6380000;3.3270000;3.5720000;495176
NYMEX.NG;W;20121015;000000;3.5720000;3.6470000;3.3980000;3.6210000;447118
NYMEX.NG;W;20121022;000000;3.6170000;3.6480000;3.3550000;3.4170000;364030
NYMEX.NG;W;20121029;000000;3.4100000;3.8200000;3.3720000;3.5220000;316839
NYMEX.NG;W;20121105;000000;3.5220000;3.6200000;3.4820000;3.4980000;340292
NYMEX.NG;W;20121112;000000;3.4970000;3.8350000;3.4700000;3.8160000;444996
NYMEX.NG;W;20121119;000000;3.8170000;3.9330000;3.7100000;3.8490000;240004
NYMEX.NG;W;20121126;000000;3.8500000;3.8580000;3.5260000;3.6170000;338725
NYMEX.NG;W;20121203;000000;3.6160000;3.7480000;3.4770000;3.4840000;492037
NYMEX.NG;W;20121210;000000;3.4850000;3.5040000;3.2610000;3.2920000;410411
NYMEX.NG;W;20121217;000000;3.2920000;3.5080000;3.2770000;3.4200000;327612
NYMEX.NG;W;20121224;000000;3.4180000;3.4870000;3.3000000;3.4770000;96204
NYMEX.NG;W;20121231;000000;3.4790000;3.4790000;3.0500000;3.3100000;302917
NYMEX.NG;W;20130107;000000;3.3130000;3.4000000;3.0870000;3.3630000;420897
NYMEX.NG;W;20130114;000000;3.3620000;3.6060000;3.3280000;3.6040000;476838
NYMEX.NG;W;20130121;000000;3.6040000;3.6450000;3.3740000;3.3850000;321878
NYMEX.NG;W;20130128;000000;3.3820000;3.3950000;3.2070000;3.3130000;353986
NYMEX.NG;W;20130204;000000;3.3150000;3.4590000;3.2430000;3.2610000;406320
NYMEX.NG;W;20130211;000000;3.2620000;3.3230000;3.1250000;3.1580000;420188
NYMEX.NG;W;20130218;000000;3.1590000;3.3770000;3.1480000;3.3430000;288451
NYMEX.NG;W;20130225;000000;3.3430000;3.5540000;3.3410000;3.4400000;367493
NYMEX.NG;W;20130304;000000;3.4400000;3.6450000;3.4120000;3.6310000;454922
NYMEX.NG;W;20130311;000000;3.6290000;3.9380000;3.5900000;3.9190000;459859
NYMEX.NG;W;20130318;000000;3.9180000;4.0250000;3.8580000;3.9470000;423825
NYMEX.NG;W;20130325;000000;3.9460000;4.1210000;3.8600000;3.9870000;312749
NYMEX.NG;W;20130401;000000;3.9880000;4.1800000;3.8610000;4.1580000;620888
NYMEX.NG;W;20130408;000000;4.1540000;4.2900000;4.0040000;4.2500000;546882
NYMEX.NG;W;20130415;000000;4.2520000;4.4290000;4.0840000;4.3410000;452574
NYMEX.NG;W;20130422;000000;4.3430000;4.3540000;4.0620000;4.2660000;261133
NYMEX.NG;W;20130429;000000;4.2680000;4.4440000;3.9770000;4.0130000;584314
NYMEX.NG;W;20130506;000000;4.0120000;4.0560000;3.8830000;3.8910000;378989
NYMEX.NG;W;20130513;000000;3.8910000;4.1350000;3.8860000;4.1200000;377888
NYMEX.NG;W;20130520;000000;4.1210000;4.2950000;4.0630000;4.2120000;254261
NYMEX.NG;W;20130527;000000;4.2110000;4.3080000;3.9510000;3.9620000;258097
NYMEX.NG;W;20130603;000000;3.9620000;4.0390000;3.8140000;3.8320000;355513
NYMEX.NG;W;20130610;000000;3.8330000;3.8680000;3.7100000;3.7630000;363594
NYMEX.NG;W;20130617;000000;3.7630000;3.9830000;3.7250000;3.7590000;385496
NYMEX.NG;W;20130624;000000;3.7580000;3.8220000;3.5260000;3.5980000;293941
NYMEX.NG;W;20130701;000000;3.5990000;3.7000000;3.5310000;3.6440000;249548
NYMEX.NG;W;20130708;000000;3.6440000;3.7870000;3.5740000;3.6650000;394421
NYMEX.NG;W;20130715;000000;3.6670000;3.8350000;3.5460000;3.7420000;402338
NYMEX.NG;W;20130722;000000;3.7390000;3.7800000;3.4720000;3.4750000;272022
NYMEX.NG;W;20130729;000000;3.4790000;3.4880000;3.3200000;3.3290000;294340
NYMEX.NG;W;20130805;000000;3.3290000;3.3610000;3.1290000;3.2630000;366580
NYMEX.NG;W;20130812;000000;3.2610000;3.4340000;3.2450000;3.4230000;336480
NYMEX.NG;W;20130819;000000;3.4250000;3.5620000;3.3880000;3.5240000;290373
NYMEX.NG;W;20130826;000000;3.5230000;3.6890000;3.4500000;3.6460000;257512
NYMEX.NG;W;20130902;000000;3.6440000;3.7190000;3.5170000;3.5530000;294364
NYMEX.NG;W;20130909;000000;3.5530000;3.6940000;3.5000000;3.6830000;353842
NYMEX.NG;W;20130916;000000;3.6810000;3.8200000;3.6250000;3.6700000;344133
NYMEX.NG;W;20130923;000000;3.6690000;3.6750000;3.4020000;3.5570000;178042
NYMEX.NG;W;20130930;000000;3.5570000;3.6530000;3.4820000;3.5240000;342365
NYMEX.NG;W;20131007;000000;3.5230000;3.8550000;3.5210000;3.8320000;384192
NYMEX.NG;W;20131014;000000;3.8320000;3.8690000;3.6850000;3.7960000;352025
NYMEX.NG;W;20131021;000000;3.7950000;3.8060000;3.5450000;3.6400000;309112
NYMEX.NG;W;20131028;000000;3.6390000;3.6620000;3.4100000;3.4240000;260953
NYMEX.NG;W;20131104;000000;3.4270000;3.6220000;3.3790000;3.5760000;384016
NYMEX.NG;W;20131111;000000;3.5770000;3.6990000;3.4910000;3.6810000;343668
NYMEX.NG;W;20131118;000000;3.6800000;3.8490000;3.5450000;3.8310000;308925
NYMEX.NG;W;20131125;000000;3.8320000;3.9620000;3.7410000;3.9170000;186790
NYMEX.NG;W;20131202;000000;3.9190000;4.1990000;3.9010000;4.1620000;471109
NYMEX.NG;W;20131209;000000;4.1610000;4.4430000;4.1600000;4.2830000;545745
NYMEX.NG;W;20131216;000000;4.2820000;4.5320000;4.1940000;4.5210000;466104
NYMEX.NG;W;20131223;000000;4.5220000;4.5300000;4.3400000;4.4300000;100745
NYMEX.NG;W;20131230;000000;4.4300000;4.4720000;4.2060000;4.3540000;315003
NYMEX.NG;W;20140106;000000;4.3540000;4.4300000;3.9530000;4.1260000;548071
NYMEX.NG;W;20140113;000000;4.1260000;4.4950000;4.1180000;4.2750000;642759
NYMEX.NG;W;20140120;000000;4.2740000;5.4420000;4.2390000;5.4340000;575618
NYMEX.NG;W;20140127;000000;5.4290000;5.7250000;4.7210000;4.8290000;584007
NYMEX.NG;W;20140203;000000;4.8310000;5.7370000;4.6260000;4.7050000;731434
NYMEX.NG;W;20140210;000000;4.7050000;5.4580000;4.5630000;5.3960000;658909
NYMEX.NG;W;20140217;000000;5.3940000;6.4780000;5.3830000;6.3500000;567900
NYMEX.NG;W;20140224;000000;6.3520000;6.4930000;4.4410000;4.7040000;340801
NYMEX.NG;W;20140303;000000;4.7020000;4.7280000;4.4630000;4.5910000;440026
NYMEX.NG;W;20140310;000000;4.5910000;4.7330000;4.3410000;4.5090000;311684
NYMEX.NG;W;20140317;000000;4.5050000;4.5870000;4.2860000;4.3370000;237286
NYMEX.NG;W;20140324;000000;4.3380000;4.6150000;4.2620000;4.4480000;149598
NYMEX.NG;W;20140331;000000;4.4460000;4.4860000;4.2210000;4.4560000;329646
NYMEX.NG;W;20140407;000000;4.4590000;4.7030000;4.4560000;4.6240000;319949
NYMEX.NG;W;20140414;000000;4.6230000;4.7890000;4.4840000;4.7400000;234783
NYMEX.NG;W;20140421;000000;4.7430000;4.8050000;4.6320000;4.6530000;202173
NYMEX.NG;W;20140428;000000;4.6500000;4.8520000;4.6500000;4.6970000;256154
NYMEX.NG;W;20140505;000000;4.6610000;4.8270000;4.4940000;4.5050000;321902
NYMEX.NG;W;20140512;000000;4.4990000;4.5110000;4.2890000;4.4250000;297971
NYMEX.NG;W;20140519;000000;4.4240000;4.5750000;4.3490000;4.3980000;239123
NYMEX.NG;W;20140526;000000;4.4020000;4.6650000;4.3600000;4.5680000;207560
NYMEX.NG;W;20140602;000000;4.5710000;4.7360000;4.5220000;4.7290000;319664
NYMEX.NG;W;20140609;000000;4.7280000;4.8860000;4.5040000;4.7890000;375693
NYMEX.NG;W;20140616;000000;4.7900000;4.7940000;4.5150000;4.5280000;317739
NYMEX.NG;W;20140623;000000;4.5320000;4.5970000;4.3500000;4.4060000;160189
NYMEX.NG;W;20140630;000000;4.4050000;4.4930000;4.3160000;4.3400000;254666
NYMEX.NG;W;20140707;000000;4.3400000;4.3410000;4.1060000;4.1210000;308026
NYMEX.NG;W;20140714;000000;4.1200000;4.1730000;3.8530000;3.8740000;262727
NYMEX.NG;W;20140721;000000;3.8730000;3.8920000;3.7280000;3.7730000;220838
NYMEX.NG;W;20140728;000000;3.7710000;3.8900000;3.7240000;3.7850000;228801
NYMEX.NG;W;20140804;000000;3.7860000;4.0100000;3.7850000;3.9970000;298725
NYMEX.NG;W;20140811;000000;3.9970000;4.0200000;3.7270000;3.7430000;322667
NYMEX.NG;W;20140818;000000;3.7400000;3.9550000;3.7370000;3.8520000;273874
NYMEX.NG;W;20140825;000000;3.8520000;4.1010000;3.8430000;4.0390000;203853
NYMEX.NG;W;20140901;000000;4.0380000;4.0780000;3.7610000;3.7910000;321372
NYMEX.NG;W;20140908;000000;3.7940000;4.0160000;3.7830000;3.8660000;371141
NYMEX.NG;W;20140915;000000;3.8660000;4.0400000;3.8280000;3.8400000;332829
NYMEX.NG;W;20140922;000000;3.8410000;4.0480000;3.7960000;4.0140000;169347
NYMEX.NG;W;20140929;000000;4.0150000;4.1840000;3.9080000;3.9700000;422181
NYMEX.NG;W;20141006;000000;3.9710000;3.9730000;3.8150000;3.8270000;361059
NYMEX.NG;W;20141013;000000;3.8280000;3.9550000;3.7140000;3.7330000;321335
NYMEX.NG;W;20141020;000000;3.7310000;3.7450000;3.5580000;3.6090000;297141
NYMEX.NG;W;20141027;000000;3.6100000;4.0570000;3.5410000;4.0340000;255835
NYMEX.NG;W;20141103;000000;4.0360000;4.5440000;3.9890000;4.4860000;656071
NYMEX.NG;W;20141110;000000;4.4830000;4.5270000;3.9310000;4.1450000;511365
NYMEX.NG;W;20141117;000000;4.1430000;4.5320000;4.1130000;4.2360000;597506
NYMEX.NG;W;20141124;000000;4.0610000;4.5200000;3.9470000;3.9600000;207512
NYMEX.NG;W;20141201;000000;3.9640000;4.0410000;3.6380000;3.7450000;465716
NYMEX.NG;W;20141208;000000;3.7460000;3.9360000;3.5850000;3.8980000;426716
NYMEX.NG;W;20141215;000000;3.8980000;3.9050000;3.3120000;3.3160000;356802
NYMEX.NG;W;20141222;000000;3.3130000;3.3280000;2.9730000;3.0380000;193596
NYMEX.NG;W;20141229;000000;3.0480000;3.2070000;2.8050000;3.1220000;225382
NYMEX.NG;W;20150105;000000;3.1260000;3.1760000;2.8110000;2.9180000;451794
NYMEX.NG;W;20150112;000000;2.9190000;3.3520000;2.7830000;3.0300000;586499
NYMEX.NG;W;20150119;000000;3.0300000;3.0480000;2.7660000;2.9320000;361557
NYMEX.NG;W;20150126;000000;2.9320000;3.0050000;2.6370000;2.6640000;296318
NYMEX.NG;W;20150202;000000;2.6610000;2.7830000;2.5670000;2.6750000;386733
NYMEX.NG;W;20150209;000000;2.6740000;2.8830000;2.5710000;2.8510000;445593
NYMEX.NG;W;20150216;000000;2.8480000;3.0240000;2.6970000;3.0110000;315038
NYMEX.NG;W;20150223;000000;3.0100000;3.0390000;2.6840000;2.6950000;264349
NYMEX.NG;W;20150302;000000;2.6970000;3.7700000;2.6410000;2.7450000;368911
NYMEX.NG;W;20150309;000000;2.7440000;2.8640000;2.6620000;2.7160000;422202
NYMEX.NG;W;20150316;000000;2.7150000;2.9350000;2.6800000;2.7310000;429237
NYMEX.NG;W;20150323;000000;2.7320000;2.8100000;2.5780000;2.6230000;166669
NYMEX.NG;W;20150330;000000;2.6230000;2.7190000;2.5830000;2.6780000;267538
NYMEX.NG;W;20150406;000000;2.6780000;2.7090000;2.4750000;2.4890000;311964
NYMEX.NG;W;20150413;000000;2.4880000;2.6930000;2.4820000;2.5850000;350819
NYMEX.NG;W;20150420;000000;2.5850000;2.6220000;2.4700000;2.4720000;238605
NYMEX.NG;W;20150427;000000;2.4720000;2.8000000;2.4430000;2.7700000;364113
NYMEX.NG;W;20150504;000000;2.7690000;2.9350000;2.7110000;2.9000000;404696
NYMEX.NG;W;20150511;000000;2.9000000;3.0360000;2.7850000;3.0080000;426910
NYMEX.NG;W;20150518;000000;3.0090000;3.1050000;2.8380000;2.8510000;374726
NYMEX.NG;W;20150525;000000;2.8520000;2.8870000;2.6030000;2.6190000;253583
NYMEX.NG;W;20150601;000000;2.6180000;2.7240000;2.5560000;2.6370000;428753
NYMEX.NG;W;20150608;000000;2.6380000;2.9220000;2.6300000;2.8110000;547804
NYMEX.NG;W;20150615;000000;2.8110000;2.9550000;2.7290000;2.7500000;482793
NYMEX.NG;W;20150622;000000;2.7500000;2.8540000;2.7110000;2.7390000;172761
NYMEX.NG;W;20150629;000000;2.7400000;2.8850000;2.7350000;2.7610000;435190
NYMEX.NG;W;20150706;000000;2.7610000;2.8210000;2.6440000;2.8020000;415493
NYMEX.NG;W;20150713;000000;2.8010000;2.9300000;2.7870000;2.8290000;433739
NYMEX.NG;W;20150720;000000;2.8280000;2.9510000;2.7350000;2.7560000;386520
NYMEX.NG;W;20150727;000000;2.7560000;2.8950000;2.7060000;2.7410000;261286
NYMEX.NG;W;20150803;000000;2.7420000;2.8630000;2.7070000;2.8390000;511211
NYMEX.NG;W;20150810;000000;2.8380000;2.9340000;2.7650000;2.7790000;449751
NYMEX.NG;W;20150817;000000;2.7770000;2.7880000;2.6370000;2.6400000;359924
NYMEX.NG;W;20150824;000000;2.6400000;2.7250000;2.6240000;2.6690000;157628
NYMEX.NG;W;20150831;000000;2.6690000;2.7350000;2.6320000;2.6670000;383206
NYMEX.NG;W;20150907;000000;2.6680000;2.7330000;2.6410000;2.7130000;344302
NYMEX.NG;W;20150914;000000;2.7140000;2.7940000;2.5740000;2.5810000;355227
NYMEX.NG;W;20150921;000000;2.5800000;2.6230000;2.5210000;2.6050000;214914
NYMEX.NG;W;20150928;000000;2.6070000;2.6730000;2.4030000;2.4690000;347361
NYMEX.NG;W;20151005;000000;2.4690000;2.5590000;2.4290000;2.5330000;371725
NYMEX.NG;W;20151012;000000;2.5340000;2.5780000;2.4100000;2.4510000;386387
NYMEX.NG;W;20151019;000000;2.4510000;2.4990000;2.2130000;2.2130000;337738
NYMEX.NG;W;20151026;000000;2.2130000;2.3720000;1.9480000;2.2550000;397444
NYMEX.NG;W;20151102;000000;2.2540000;2.3980000;2.2310000;2.3580000;458237
NYMEX.NG;W;20151109;000000;2.3580000;2.4600000;2.2340000;2.4210000;469708
NYMEX.NG;W;20151116;000000;2.4210000;2.4390000;2.0730000;2.0750000;433257
NYMEX.NG;W;20151123;000000;2.0750000;2.3050000;2.0510000;2.2240000;134653
NYMEX.NG;W;20151130;000000;2.2260000;2.2590000;2.1050000;2.1380000;385590
NYMEX.NG;W;20151207;000000;2.1370000;2.1410000;1.9060000;1.9140000;446928
NYMEX.NG;W;20151214;000000;1.9140000;1.9170000;1.6840000;1.8320000;492793
NYMEX.NG;W;20151221;000000;1.8300000;2.1310000;1.7870000;2.0980000;297531
NYMEX.NG;W;20151228;000000;2.0950000;2.3870000;2.0840000;2.3210000;264482
NYMEX.NG;W;20160104;000000;2.3230000;2.4950000;2.2390000;2.4690000;585374
NYMEX.NG;W;20160111;000000;2.4690000;2.4720000;2.0450000;2.0540000;466642
NYMEX.NG;W;20160118;000000;2.0540000;2.1890000;2.0440000;2.1360000;333595
NYMEX.NG;W;20160125;000000;2.1370000;2.3150000;2.0810000;2.2180000;353271
NYMEX.NG;W;20160201;000000;2.2160000;2.2180000;1.9540000;2.1180000;589274
NYMEX.NG;W;20160208;000000;2.1160000;2.1720000;1.9260000;1.9580000;400608
NYMEX.NG;W;20160215;000000;1.9600000;1.9620000;1.7790000;1.7900000;302938
NYMEX.NG;W;20160222;000000;1.7890000;1.8480000;1.6820000;1.7080000;191462
NYMEX.NG;W;20160229;000000;1.7080000;1.7750000;1.6110000;1.6160000;488302
NYMEX.NG;W;20160307;000000;1.6160000;1.8590000;1.6150000;1.8040000;434821
NYMEX.NG;W;20160314;000000;1.8030000;1.9570000;1.7710000;1.8900000;419764
NYMEX.NG;W;20160321;000000;1.8920000;1.9070000;1.7720000;1.7850000;262226
NYMEX.NG;W;20160328;000000;1.7840000;2.0280000;1.7660000;1.9820000;308126
NYMEX.NG;W;20160404;000000;1.9820000;2.0740000;1.8920000;1.9370000;508449
NYMEX.NG;W;20160411;000000;1.9370000;2.0510000;1.8720000;1.8940000;446843
NYMEX.NG;W;20160418;000000;1.8930000;2.1760000;1.8870000;2.1610000;496174
NYMEX.NG;W;20160425;000000;2.1610000;2.1950000;1.9500000;2.1320000;362778
NYMEX.NG;W;20160502;000000;2.1320000;2.1790000;2.0260000;2.1030000;479345
NYMEX.NG;W;20160509;000000;2.1050000;2.1850000;2.0560000;2.0740000;445872
NYMEX.NG;W;20160516;000000;2.0740000;2.1280000;1.9520000;2.1170000;410482
NYMEX.NG;W;20160523;000000;2.1180000;2.1910000;1.9090000;2.1630000;225639
NYMEX.NG;W;20160530;000000;2.1620000;2.4800000;2.1510000;2.4520000;507285
NYMEX.NG;W;20160606;000000;2.4520000;2.6300000;2.3990000;2.5920000;535418
NYMEX.NG;W;20160613;000000;2.5930000;2.6800000;2.5350000;2.6590000;439740
NYMEX.NG;W;20160620;000000;2.6580000;2.7860000;2.6140000;2.6490000;372747
NYMEX.NG;W;20160627;000000;2.6490000;2.9980000;2.6410000;2.8940000;357325
NYMEX.NG;W;20160704;000000;2.8940000;2.9450000;2.6970000;2.8340000;398143
NYMEX.NG;W;20160711;000000;2.8370000;2.8710000;2.6690000;2.7830000;408828
NYMEX.NG;W;20160718;000000;2.7820000;2.8180000;2.6250000;2.8000000;339437
NYMEX.NG;W;20160725;000000;2.8000000;2.9110000;2.6510000;2.8360000;326689
NYMEX.NG;W;20160801;000000;2.8360000;2.8850000;2.7220000;2.7410000;456999
NYMEX.NG;W;20160808;000000;2.7400000;2.7610000;2.5230000;2.5690000;483542
NYMEX.NG;W;20160815;000000;2.5720000;2.6970000;2.5610000;2.6250000;392026
NYMEX.NG;W;20160822;000000;2.6250000;2.9070000;2.6220000;2.8580000;310265
NYMEX.NG;W;20160829;000000;2.8560000;2.9430000;2.7540000;2.7570000;363623
NYMEX.NG;W;20160905;000000;2.7570000;2.8470000;2.6650000;2.8410000;385519
NYMEX.NG;W;20160912;000000;2.8390000;2.9780000;2.8340000;2.9420000;477453
NYMEX.NG;W;20160919;000000;2.9420000;3.0980000;2.8900000;2.9760000;382581
NYMEX.NG;W;20160926;000000;2.9770000;3.0320000;2.8820000;2.9020000;267381
NYMEX.NG;W;20161003;000000;2.9020000;3.2180000;2.8660000;3.1630000;591594
NYMEX.NG;W;20161010;000000;3.1630000;3.3660000;3.1540000;3.2440000;530992
NYMEX.NG;W;20161017;000000;3.2430000;3.3170000;2.9550000;3.0260000;422301
NYMEX.NG;W;20161024;000000;3.0250000;3.1530000;2.6270000;3.1160000;310295
NYMEX.NG;W;20161031;000000;3.1160000;3.1630000;2.7250000;2.8370000;629598
NYMEX.NG;W;20161107;000000;2.8380000;2.8750000;2.5460000;2.6710000;528504
NYMEX.NG;W;20161114;000000;2.6710000;2.9470000;2.6440000;2.9350000;459303
NYMEX.NG;W;20161121;000000;2.9350000;3.1480000;2.9050000;3.1440000;200057
NYMEX.NG;W;20161128;000000;3.1480000;3.5680000;3.1430000;3.4770000;462304
NYMEX.NG;W;20161205;000000;3.4800000;3.7770000;3.4680000;3.5580000;717137
NYMEX.NG;W;20161212;000000;3.5590000;3.6010000;3.3430000;3.3810000;516767
NYMEX.NG;W;20161219;000000;3.3800000;3.7150000;3.2420000;3.6770000;394817
NYMEX.NG;W;20161226;000000;3.7360000;3.9940000;3.6640000;3.7440000;206782
NYMEX.NG;W;20170102;000000;3.5680000;3.5680000;3.1720000;3.2590000;537476
NYMEX.NG;W;20170109;000000;3.2600000;3.4800000;3.0980000;3.4440000;509862
NYMEX.NG;W;20170116;000000;3.4450000;3.5130000;3.1570000;3.1960000;383560
NYMEX.NG;W;20170123;000000;3.1960000;3.4940000;3.1450000;3.3110000;192786
NYMEX.NG;W;20170130;000000;3.3100000;3.3290000;3.0090000;3.0750000;507495
NYMEX.NG;W;20170206;000000;3.0740000;3.1890000;2.9560000;2.9860000;413996
NYMEX.NG;W;20170213;000000;2.9870000;2.9940000;2.7450000;2.7570000;338867
NYMEX.NG;W;20170220;000000;2.7570000;2.7790000;2.5220000;2.7000000;146013
NYMEX.NG;W;20170227;000000;2.7010000;2.9260000;2.6530000;2.9110000;516689
NYMEX.NG;W;20170306;000000;2.9110000;3.0890000;2.8150000;3.0730000;517662
NYMEX.NG;W;20170313;000000;3.0730000;3.0780000;2.8820000;2.9110000;438703
NYMEX.NG;W;20170320;000000;2.9100000;3.1330000;2.9070000;3.1210000;388338
NYMEX.NG;W;20170327;000000;3.1220000;3.2420000;3.0110000;3.2260000;232946
NYMEX.NG;W;20170403;000000;3.2270000;3.3470000;3.1210000;3.2480000;554378
NYMEX.NG;W;20170410;000000;3.2460000;3.2930000;3.1320000;3.1960000;356686
NYMEX.NG;W;20170417;000000;3.1960000;3.2370000;3.0820000;3.1120000;358547
NYMEX.NG;W;20170424;000000;3.1130000;3.2980000;3.0220000;3.2770000;263353
NYMEX.NG;W;20170501;000000;3.2780000;3.3130000;3.1650000;3.2580000;454168
NYMEX.NG;W;20170508;000000;3.2580000;3.4310000;3.1400000;3.4020000;574663
NYMEX.NG;W;20170515;000000;3.4020000;3.4080000;3.1610000;3.2860000;480275
NYMEX.NG;W;20170522;000000;3.2860000;3.3340000;3.1450000;3.2440000;196335
NYMEX.NG;W;20170529;000000;3.2430000;3.2440000;2.9880000;3.0340000;535332
NYMEX.NG;W;20170605;000000;3.0350000;3.0950000;2.9350000;3.0210000;456430
NYMEX.NG;W;20170612;000000;3.0210000;3.0870000;2.9160000;2.9540000;512731
NYMEX.NG;W;20170619;000000;2.9540000;3.0040000;2.8550000;2.9950000;386592
NYMEX.NG;W;20170626;000000;2.9950000;3.1220000;2.9350000;2.9560000;319017
NYMEX.NG;W;20170703;000000;2.9550000;3.0500000;2.8320000;2.8960000;497714
NYMEX.NG;W;20170710;000000;2.8960000;3.0530000;2.8700000;2.9930000;490715
NYMEX.NG;W;20170717;000000;2.9950000;3.1140000;2.9250000;2.9370000;462598
NYMEX.NG;W;20170724;000000;2.9360000;2.9980000;2.8710000;2.8820000;179151
NYMEX.NG;W;20170731;000000;2.8810000;2.8880000;2.7530000;2.7890000;455861
NYMEX.NG;W;20170807;000000;2.7890000;3.0180000;2.7660000;3.0030000;430451
NYMEX.NG;W;20170814;000000;3.0020000;3.0110000;2.8560000;2.9060000;410698
NYMEX.NG;W;20170821;000000;2.9060000;3.0060000;2.8670000;2.8930000;353495
NYMEX.NG;W;20170828;000000;2.8900000;3.0880000;2.8490000;3.0380000;392818
NYMEX.NG;W;20170904;000000;3.0390000;3.0590000;2.8850000;2.9260000;448861
NYMEX.NG;W;20170911;000000;2.9260000;3.1060000;2.8990000;3.0660000;555290
NYMEX.NG;W;20170918;000000;3.0650000;3.1660000;2.9270000;2.9570000;566686
NYMEX.NG;W;20170925;000000;2.9590000;3.0810000;2.8980000;3.0090000;285082
NYMEX.NG;W;20171002;000000;3.0090000;3.0140000;2.8350000;2.8640000;618041
NYMEX.NG;W;20171009;000000;2.8640000;3.0360000;2.8270000;2.9690000;599455
NYMEX.NG;W;20171016;000000;2.9700000;3.0260000;2.7730000;2.9650000;705720
NYMEX.NG;W;20171023;000000;2.9650000;3.0100000;2.7230000;2.9650000;235000
NYMEX.NG;W;20171030;000000;2.9650000;3.0950000;2.8470000;3.0570000;623796
NYMEX.NG;W;20171106;000000;3.0570000;3.2240000;3.0510000;3.1710000;726481
NYMEX.NG;W;20171113;000000;3.1700000;3.2310000;3.0460000;3.0740000;715244
NYMEX.NG;W;20171120;000000;3.0750000;3.0750000;2.7970000;2.9160000;334875
NYMEX.NG;W;20171127;000000;2.9160000;3.2180000;2.8760000;3.1100000;601351
NYMEX.NG;W;20171204;000000;3.1110000;3.1270000;2.7470000;2.8350000;804701
NYMEX.NG;W;20171211;000000;2.8350000;2.8480000;2.5810000;2.6600000;670805
NYMEX.NG;W;20171218;000000;2.6600000;2.7780000;2.5680000;2.6810000;516304
NYMEX.NG;W;20171225;000000;2.7080000;3.0080000;2.5980000;2.9550000;479812
NYMEX.NG;W;20180101;000000;3.0300000;3.0970000;2.7460000;2.8460000;866045
NYMEX.NG;W;20180108;000000;2.8460000;3.2240000;2.7840000;3.1480000;1002399
NYMEX.NG;W;20180115;000000;3.1470000;3.2880000;3.0390000;3.2510000;806161
NYMEX.NG;W;20180122;000000;3.2500000;3.6280000;3.1430000;3.3510000;551770
